-- MySQL dump 10.13  Distrib 8.0.28, for Win64 (x86_64)
--
-- Host: 127.0.0.1    Database: mycms
-- ------------------------------------------------------
-- Server version	8.0.28

/*!40101 SET @OLD_CHARACTER_SET_CLIENT=@@CHARACTER_SET_CLIENT */;
/*!40101 SET @OLD_CHARACTER_SET_RESULTS=@@CHARACTER_SET_RESULTS */;
/*!40101 SET @OLD_COLLATION_CONNECTION=@@COLLATION_CONNECTION */;
/*!50503 SET NAMES utf8mb4 */;
/*!40103 SET @OLD_TIME_ZONE=@@TIME_ZONE */;
/*!40103 SET TIME_ZONE='+00:00' */;
/*!40014 SET @OLD_UNIQUE_CHECKS=@@UNIQUE_CHECKS, UNIQUE_CHECKS=0 */;
/*!40014 SET @OLD_FOREIGN_KEY_CHECKS=@@FOREIGN_KEY_CHECKS, FOREIGN_KEY_CHECKS=0 */;
/*!40101 SET @OLD_SQL_MODE=@@SQL_MODE, SQL_MODE='NO_AUTO_VALUE_ON_ZERO' */;
/*!40111 SET @OLD_SQL_NOTES=@@SQL_NOTES, SQL_NOTES=0 */;

--
-- Table structure for table `advertisement`
--

DROP TABLE IF EXISTS `advertisement`;
/*!40101 SET @saved_cs_client     = @@character_set_client */;
/*!50503 SET character_set_client = utf8mb4 */;
CREATE TABLE `advertisement` (
  `id` int NOT NULL AUTO_INCREMENT,
  `author_id` varchar(100) NOT NULL,
  `create_time` datetime DEFAULT NULL,
  `img_url` varchar(400) DEFAULT NULL,
  `link_url` varchar(200) DEFAULT NULL,
  `is_using` int DEFAULT NULL,
  PRIMARY KEY (`id`),
  KEY `author_id` (`author_id`)
) ENGINE=InnoDB AUTO_INCREMENT=10 DEFAULT CHARSET=utf8mb3;
/*!40101 SET character_set_client = @saved_cs_client */;

--
-- Dumping data for table `advertisement`
--

LOCK TABLES `advertisement` WRITE;
/*!40000 ALTER TABLE `advertisement` DISABLE KEYS */;
INSERT INTO `advertisement` VALUES (9,'2','2018-10-13 16:21:11','https://img-operation.csdnimg.cn/csdn/silkroad/img/1651887193668.png','https://marketing.csdn.net/p/290f1ac4c65bd5d9ccfe3ed91a55822b?utm_medium=ad.591',1);
/*!40000 ALTER TABLE `advertisement` ENABLE KEYS */;
UNLOCK TABLES;

--
-- Table structure for table `album`
--

DROP TABLE IF EXISTS `album`;
/*!40101 SET @saved_cs_client     = @@character_set_client */;
/*!50503 SET character_set_client = utf8mb4 */;
CREATE TABLE `album` (
  `id` int NOT NULL AUTO_INCREMENT,
  `name` varchar(150) NOT NULL,
  `create_time` datetime DEFAULT NULL,
  `see_count` int DEFAULT NULL,
  `desc` text,
  `author_id` varchar(150) DEFAULT NULL,
  `power` int DEFAULT NULL,
  `resource_url` varchar(150) DEFAULT NULL,
  PRIMARY KEY (`id`),
  KEY `author_id` (`author_id`),
  CONSTRAINT `album_ibfk_1` FOREIGN KEY (`author_id`) REFERENCES `front_user` (`id`)
) ENGINE=InnoDB AUTO_INCREMENT=30 DEFAULT CHARSET=utf8mb3;
/*!40101 SET character_set_client = @saved_cs_client */;

--
-- Dumping data for table `album`
--

LOCK TABLES `album` WRITE;
/*!40000 ALTER TABLE `album` DISABLE KEYS */;
INSERT INTO `album` VALUES (1,'HTML与CSS入门经典 第8版 pdf','2022-05-15 21:28:55',61,'第八版','kY2ZPxXTwkqLU5muCPcgA5',0,'https://xxx.oss-cn-hangzhou.aliyuncs.com/resources/20220515HTML与CSS入门经典.zip'),(2,'用AngularJS开发下一代Web应用（中文）高清完整版PDF\nAngularJS','2022-05-15 21:28:55',158,'完整英文版在这里：http://download.csdn.net/detail/zhouruitao/6548305，\n\n此部分是中文版的，免费提供。','HF2GpEcvkpTbW6qbyc9TMf',0,NULL),(3,'Storm 实战：构建大数据实时计算试读样章高清PDF','2022-05-15 21:28:55',10,'阿里巴巴集团技术丛书，大数据丛书。大型互联网公司大数据实时处理干货分享！来自淘宝一线技术团队的丰富实践，快速掌握Storm技术精髓！','mLVKzNwXjNUx9B2Nsthp9F',0,NULL),(4,'重构大数据统计','2022-05-15 21:28:55',7,'阿里巴巴集团技术丛书，大数据丛书。大型互联网公司大数据分析实践经验！大数据分析人员必修必学的内功。基于本书内容开发的数据分析工具已在阿里巴巴集团内部使用，取得显著效果。','AaPykFXjjwquWaoHtVDumS',0,NULL),(5,'程序员接单宝典 高清完整PDF版','2022-05-15 21:28:55',24,'作者是一个在外包界干了10年的资深程序员，讲述了如何接外包项目的技巧。从接单前的准备，到上哪儿去接项目，如何接项目，如何完成项目，如何收款，以及项目的实施和维护等都有精彩的讲解，是程序员接项目致富的一部宝典。\n(注：此版本为完整版，没有删节)','zRBQfUrUWmfX9W5JsEs23V',0,NULL),(6,'unity4.x从入门到精通，完整扫描版，全彩','2022-05-15 21:28:55',49,'Unity 首本官方教材《Unity 4.x从入门到精通》 PDF电子书。\nUnity 首本大中华区官方教材上架销售。\nUnity 大中华地区最权威、最专业、最完整的官方教材。全本精装彩印，Unity 官方主编，各大书店同时发售！','kY2ZPxXTwkqLU5muCPcgA5',0,'https://xxx.oss-cn-hangzhou.aliyuncs.com/resources/20220515HTML与CSS入门经典.zip'),(7,'java数据结构和算法(第二版)','2022-05-15 21:28:55',11,'简介\n第1章综述\n数据结构和算法能起到什么作用?','FNdFhqoMAjAnGH8sNJySXB',0,NULL),(8,'Linux内核分析及应用','2022-05-15 21:28:55',0,'温馨提示： 价值40000元的1000本电子书，VIP会员随意看哦！','LNhDD3XjqoeNS9HqhSDzyQ',0,NULL),(9,'c#入门经典（第五版）中文版.PDF','2022-05-15 21:28:55',9,'第Ⅰ部分 C#语言\n第1章 C#简介\n1.1 .NET Framework的含义','xBzNaGs62R9RbHzPA6nZzC',0,NULL),(10,'软件开发者路线图：从学徒到高手','2022-05-15 21:28:55',13,'《软件开发者路线图：从学徒到高手》完整版，以前下载过6.3M那种，只有1、2章，此为完整版，旨在分享好东西','5ABqQEnhMzAAdcPM3CPYBQ',0,NULL),(11,'Visual C++ 编程技巧精选500例 - [罗斌].pdf','2022-05-15 21:28:55',0,'Visual C++ 编程技巧精选500例 - [罗斌].pdf','eKf4NyNtLko9fiaL2gvfy6',0,NULL),(29,'Test资源','2022-05-13 17:47:21',51,'Test资源','fphwn7akrsbyD3u5eUZA7i',0,'https://xxx.oss-cn-hangzhou.aliyuncs.com/resources/20220515015733download_4.zip');
/*!40000 ALTER TABLE `album` ENABLE KEYS */;
UNLOCK TABLES;

--
-- Table structure for table `album_comment`
--

DROP TABLE IF EXISTS `album_comment`;
/*!40101 SET @saved_cs_client     = @@character_set_client */;
/*!50503 SET character_set_client = utf8mb4 */;
CREATE TABLE `album_comment` (
  `id` int NOT NULL AUTO_INCREMENT,
  `content` text NOT NULL,
  `create_time` datetime DEFAULT NULL,
  `album_id` int DEFAULT NULL,
  `author_id` varchar(100) DEFAULT NULL,
  `origin_comment_id` int DEFAULT NULL,
  PRIMARY KEY (`id`),
  KEY `album_id` (`album_id`),
  KEY `author_id` (`author_id`),
  KEY `origin_comment_id` (`origin_comment_id`),
  CONSTRAINT `album_comment_ibfk_1` FOREIGN KEY (`album_id`) REFERENCES `album` (`id`),
  CONSTRAINT `album_comment_ibfk_2` FOREIGN KEY (`author_id`) REFERENCES `front_user` (`id`),
  CONSTRAINT `album_comment_ibfk_3` FOREIGN KEY (`origin_comment_id`) REFERENCES `album_comment` (`id`)
) ENGINE=InnoDB AUTO_INCREMENT=24 DEFAULT CHARSET=utf8mb3;
/*!40101 SET character_set_client = @saved_cs_client */;

--
-- Dumping data for table `album_comment`
--

LOCK TABLES `album_comment` WRITE;
/*!40000 ALTER TABLE `album_comment` DISABLE KEYS */;
INSERT INTO `album_comment` VALUES (10,'666','2018-09-23 19:03:58',1,'ysNWsnHoG8p2EGzEXKvaCj',NULL);
/*!40000 ALTER TABLE `album_comment` ENABLE KEYS */;
UNLOCK TABLES;

--
-- Table structure for table `album_star`
--

DROP TABLE IF EXISTS `album_star`;
/*!40101 SET @saved_cs_client     = @@character_set_client */;
/*!50503 SET character_set_client = utf8mb4 */;
CREATE TABLE `album_star` (
  `id` int NOT NULL AUTO_INCREMENT,
  `album_id` int DEFAULT NULL,
  `author_id` varchar(100) DEFAULT NULL,
  PRIMARY KEY (`id`),
  KEY `album_id` (`album_id`),
  KEY `author_id` (`author_id`),
  CONSTRAINT `album_star_ibfk_1` FOREIGN KEY (`album_id`) REFERENCES `album` (`id`),
  CONSTRAINT `album_star_ibfk_2` FOREIGN KEY (`author_id`) REFERENCES `front_user` (`id`)
) ENGINE=InnoDB AUTO_INCREMENT=7 DEFAULT CHARSET=utf8mb3;
/*!40101 SET character_set_client = @saved_cs_client */;

--
-- Dumping data for table `album_star`
--

LOCK TABLES `album_star` WRITE;
/*!40000 ALTER TABLE `album_star` DISABLE KEYS */;
INSERT INTO `album_star` VALUES (1,2,'ysNWsnHoG8p2EGzEXKvaCj'),(2,2,'eKf4NyNtLko9fiaL2gvfy6'),(3,1,'ysNWsnHoG8p2EGzEXKvaCj'),(4,5,'ysNWsnHoG8p2EGzEXKvaCj'),(5,10,'ysNWsnHoG8p2EGzEXKvaCj'),(6,1,'fphwn7akrsbyD3u5eUZA7i');
/*!40000 ALTER TABLE `album_star` ENABLE KEYS */;
UNLOCK TABLES;

--
-- Table structure for table `album_tag`
--

DROP TABLE IF EXISTS `album_tag`;
/*!40101 SET @saved_cs_client     = @@character_set_client */;
/*!50503 SET character_set_client = utf8mb4 */;
CREATE TABLE `album_tag` (
  `album_id` int NOT NULL,
  `tag_id` int NOT NULL,
  PRIMARY KEY (`album_id`,`tag_id`),
  KEY `tag_id` (`tag_id`),
  CONSTRAINT `album_tag_ibfk_1` FOREIGN KEY (`album_id`) REFERENCES `album` (`id`),
  CONSTRAINT `album_tag_ibfk_2` FOREIGN KEY (`tag_id`) REFERENCES `img_tag` (`id`)
) ENGINE=InnoDB DEFAULT CHARSET=utf8mb3;
/*!40101 SET character_set_client = @saved_cs_client */;

--
-- Dumping data for table `album_tag`
--

LOCK TABLES `album_tag` WRITE;
/*!40000 ALTER TABLE `album_tag` DISABLE KEYS */;
INSERT INTO `album_tag` VALUES (1,3),(1,4),(5,4),(4,5),(1,6),(4,6),(5,7),(3,8),(6,14),(2,16),(10,16);
/*!40000 ALTER TABLE `album_tag` ENABLE KEYS */;
UNLOCK TABLES;

--
-- Table structure for table `alembic_version`
--

DROP TABLE IF EXISTS `alembic_version`;
/*!40101 SET @saved_cs_client     = @@character_set_client */;
/*!50503 SET character_set_client = utf8mb4 */;
CREATE TABLE `alembic_version` (
  `version_num` varchar(32) NOT NULL,
  PRIMARY KEY (`version_num`)
) ENGINE=InnoDB DEFAULT CHARSET=utf8mb3;
/*!40101 SET character_set_client = @saved_cs_client */;

--
-- Dumping data for table `alembic_version`
--

LOCK TABLES `alembic_version` WRITE;
/*!40000 ALTER TABLE `alembic_version` DISABLE KEYS */;
INSERT INTO `alembic_version` VALUES ('b66256cc250d');
/*!40000 ALTER TABLE `alembic_version` ENABLE KEYS */;
UNLOCK TABLES;

--
-- Table structure for table `banner`
--

DROP TABLE IF EXISTS `banner`;
/*!40101 SET @saved_cs_client     = @@character_set_client */;
/*!50503 SET character_set_client = utf8mb4 */;
CREATE TABLE `banner` (
  `id` int NOT NULL AUTO_INCREMENT,
  `username` varchar(100) DEFAULT NULL,
  `weight` int DEFAULT NULL,
  `img_url` varchar(300) DEFAULT NULL,
  `link_url` varchar(300) DEFAULT NULL,
  `content` text,
  `create_time` datetime DEFAULT NULL,
  PRIMARY KEY (`id`)
) ENGINE=InnoDB AUTO_INCREMENT=9 DEFAULT CHARSET=utf8mb3;
/*!40101 SET character_set_client = @saved_cs_client */;

--
-- Dumping data for table `banner`
--

LOCK TABLES `banner` WRITE;
/*!40000 ALTER TABLE `banner` DISABLE KEYS */;
INSERT INTO `banner` VALUES (1,'Hackers',2,'https://img-blog.csdnimg.cn/185bd741f1ab417aa356fb5f607955bb.png?x-oss-process=image/resize,m_fixed,h_300,image/format,png','https://www.kotlincn.net/','Kotlin','2022-05-09 13:10:15'),(7,'Hackers',1,'https://xxx.oss-cn-hangzhou.aliyuncs.com/images/dp.png','https://blog.csdn.net/WhereIsHeroFrom/article/details/124663922','动态规划','2022-05-09 13:10:15'),(8,'Hackers',2,'https://xxx.oss-cn-hangzhou.aliyuncs.com/images/pygame.png','https://baike.baidu.com/item/Pygame/7707076?fr=aladdin','Pygame','2022-05-09 13:10:15');
/*!40000 ALTER TABLE `banner` ENABLE KEYS */;
UNLOCK TABLES;

--
-- Table structure for table `cms_user`
--

DROP TABLE IF EXISTS `cms_user`;
/*!40101 SET @saved_cs_client     = @@character_set_client */;
/*!50503 SET character_set_client = utf8mb4 */;
CREATE TABLE `cms_user` (
  `id` int NOT NULL AUTO_INCREMENT,
  `username` varchar(50) NOT NULL,
  `_password` varchar(150) NOT NULL,
  `email` varchar(50) NOT NULL,
  `join_time` datetime DEFAULT NULL,
  PRIMARY KEY (`id`),
  UNIQUE KEY `email` (`email`)
) ENGINE=InnoDB AUTO_INCREMENT=7 DEFAULT CHARSET=utf8mb3;
/*!40101 SET character_set_client = @saved_cs_client */;

--
-- Dumping data for table `cms_user`
--

LOCK TABLES `cms_user` WRITE;
/*!40000 ALTER TABLE `cms_user` DISABLE KEYS */;
INSERT INTO `cms_user` VALUES (2,'donghao','pbkdf2:sha256:50000$EtID0v0f$be150ea9af54d7625a6a9fa9ee2e37a92b55f0f25bc5f17ffd66e777d955209a','1417766861@qq.com','2018-08-25 22:24:01'),(6,'admin','pbkdf2:sha256:50000$5eqIEPjY$ac9709949ee1d5cd098f21abfdb8de8dc9da9bad63aef97ecf40382d94486ab8','xxx@qq.com','2022-05-09 23:46:58');
/*!40000 ALTER TABLE `cms_user` ENABLE KEYS */;
UNLOCK TABLES;

--
-- Table structure for table `collect`
--

DROP TABLE IF EXISTS `collect`;
/*!40101 SET @saved_cs_client     = @@character_set_client */;
/*!50503 SET character_set_client = utf8mb4 */;
CREATE TABLE `collect` (
  `id` int NOT NULL AUTO_INCREMENT,
  `collect_time` datetime DEFAULT NULL,
  `post_id` varchar(150) DEFAULT NULL,
  `author_id` varchar(100) DEFAULT NULL,
  PRIMARY KEY (`id`),
  KEY `author_id` (`author_id`),
  KEY `post_id` (`post_id`),
  CONSTRAINT `collect_ibfk_1` FOREIGN KEY (`author_id`) REFERENCES `front_user` (`id`),
  CONSTRAINT `collect_ibfk_2` FOREIGN KEY (`post_id`) REFERENCES `posts` (`id`)
) ENGINE=InnoDB AUTO_INCREMENT=33 DEFAULT CHARSET=utf8mb3;
/*!40101 SET character_set_client = @saved_cs_client */;

--
-- Dumping data for table `collect`
--

LOCK TABLES `collect` WRITE;
/*!40000 ALTER TABLE `collect` DISABLE KEYS */;
INSERT INTO `collect` VALUES (15,'2018-09-08 12:18:24','CiKycWfSSo3F79To7AcXgJ','ysNWsnHoG8p2EGzEXKvaCj'),(16,'2018-09-08 14:06:14',NULL,'mLVKzNwXjNUx9B2Nsthp9F'),(17,'2018-09-09 09:59:31',NULL,'ysNWsnHoG8p2EGzEXKvaCj'),(18,'2018-09-10 22:59:09',NULL,'ysNWsnHoG8p2EGzEXKvaCj'),(20,'2018-09-15 21:55:16',NULL,'HF2GpEcvkpTbW6qbyc9TMf'),(21,'2018-09-19 09:57:16','igiyooy8r5ytgNdEikudSE','HF2GpEcvkpTbW6qbyc9TMf'),(22,'2018-09-21 17:21:11','9vvMtCh3QKevqyvg5vinuY','ysNWsnHoG8p2EGzEXKvaCj'),(23,'2018-09-25 15:52:04',NULL,'ysNWsnHoG8p2EGzEXKvaCj'),(32,'2018-10-14 10:13:30','cZBezRxAkvK63aLLfcF3rn','ysNWsnHoG8p2EGzEXKvaCj');
/*!40000 ALTER TABLE `collect` ENABLE KEYS */;
UNLOCK TABLES;

--
-- Table structure for table `comment`
--

DROP TABLE IF EXISTS `comment`;
/*!40101 SET @saved_cs_client     = @@character_set_client */;
/*!50503 SET character_set_client = utf8mb4 */;
CREATE TABLE `comment` (
  `id` int NOT NULL AUTO_INCREMENT,
  `content` text NOT NULL,
  `create_time` datetime DEFAULT NULL,
  `post_id` varchar(150) DEFAULT NULL,
  `author_id` varchar(100) DEFAULT NULL,
  `origin_comment_id` int DEFAULT NULL,
  PRIMARY KEY (`id`),
  KEY `author_id` (`author_id`),
  KEY `origin_comment_id` (`origin_comment_id`),
  KEY `post_id` (`post_id`),
  CONSTRAINT `comment_ibfk_1` FOREIGN KEY (`author_id`) REFERENCES `front_user` (`id`),
  CONSTRAINT `comment_ibfk_2` FOREIGN KEY (`origin_comment_id`) REFERENCES `comment` (`id`),
  CONSTRAINT `comment_ibfk_3` FOREIGN KEY (`post_id`) REFERENCES `posts` (`id`)
) ENGINE=InnoDB AUTO_INCREMENT=64 DEFAULT CHARSET=utf8mb3;
/*!40101 SET character_set_client = @saved_cs_client */;

--
-- Dumping data for table `comment`
--

LOCK TABLES `comment` WRITE;
/*!40000 ALTER TABLE `comment` DISABLE KEYS */;
INSERT INTO `comment` VALUES (35,'12','2018-09-08 12:18:26','CiKycWfSSo3F79To7AcXgJ','ysNWsnHoG8p2EGzEXKvaCj',NULL),(36,'111','2018-09-08 14:06:17',NULL,'mLVKzNwXjNUx9B2Nsthp9F',NULL),(37,'12','2018-09-09 10:35:56',NULL,'mLVKzNwXjNUx9B2Nsthp9F',NULL),(38,'12','2018-09-09 10:36:03','A2728FV98M7NnHcMzp7ZMA','mLVKzNwXjNUx9B2Nsthp9F',NULL),(39,'666','2018-09-09 10:36:11',NULL,'mLVKzNwXjNUx9B2Nsthp9F',NULL),(40,'ad','2018-09-09 10:36:18',NULL,'mLVKzNwXjNUx9B2Nsthp9F',NULL),(41,'fg','2018-09-09 10:36:28',NULL,'mLVKzNwXjNUx9B2Nsthp9F',NULL),(42,'12','2018-09-09 10:37:00',NULL,'mLVKzNwXjNUx9B2Nsthp9F',NULL),(55,'asfd','2018-09-19 09:58:00','igiyooy8r5ytgNdEikudSE','HF2GpEcvkpTbW6qbyc9TMf',NULL),(57,'好！','2022-05-15 16:42:09','6U5dnryto99cA7FMQhhh8X','fphwn7akrsbyD3u5eUZA7i',NULL),(59,'学到了','2022-05-15 16:47:14','gcbxu9aUHFc4uASkC9Kr5Y','fphwn7akrsbyD3u5eUZA7i',NULL),(60,'好','2022-05-15 16:48:21','85rUgqpqsuA4wABw9yv88Z','fphwn7akrsbyD3u5eUZA7i',NULL),(61,'666','2022-05-15 16:58:55','85rUgqpqsuA4wABw9yv88Z','fphwn7akrsbyD3u5eUZA7i',NULL),(62,'厉害','2022-05-15 21:19:08','gcbxu9aUHFc4uASkC9Kr5Y','fphwn7akrsbyD3u5eUZA7i',NULL),(63,'是','2022-05-16 14:27:52','6U5dnryto99cA7FMQhhh8X','fphwn7akrsbyD3u5eUZA7i',57);
/*!40000 ALTER TABLE `comment` ENABLE KEYS */;
UNLOCK TABLES;

--
-- Table structure for table `error`
--

DROP TABLE IF EXISTS `error`;
/*!40101 SET @saved_cs_client     = @@character_set_client */;
/*!50503 SET character_set_client = utf8mb4 */;
CREATE TABLE `error` (
  `id` int NOT NULL AUTO_INCREMENT,
  `type` varchar(50) NOT NULL,
  `reporter` varchar(150) NOT NULL,
  `bereporter` varchar(150) NOT NULL,
  `content` text NOT NULL,
  `create_time` datetime DEFAULT NULL,
  `place` varchar(150) DEFAULT NULL,
  `status` int DEFAULT NULL,
  PRIMARY KEY (`id`)
) ENGINE=InnoDB AUTO_INCREMENT=7 DEFAULT CHARSET=utf8mb3;
/*!40101 SET character_set_client = @saved_cs_client */;

--
-- Dumping data for table `error`
--

LOCK TABLES `error` WRITE;
/*!40000 ALTER TABLE `error` DISABLE KEYS */;
INSERT INTO `error` VALUES (4,'文章','ysNWsnHoG8p2EGzEXKvaCj','FNdFhqoMAjAnGH8sNJySXB','园区内目前还有许多新修的项目，与实际不符','2018-10-14 15:20:31','http://127.0.0.1:5000/post_detail/Jq9Evr3WeCLASx3kQoFhYJ/?lang=ch',1),(5,'资源','PtwqBv4uHUYnDMqkA2NFkX','HF2GpEcvkpTbW6qbyc9TMf','盗用他人图片，请严肃处理！','2018-10-14 15:21:22','http://127.0.0.1:5000/b/album_detail/2',0),(6,'文章','LNhDD3XjqoeNS9HqhSDzyQ','kY2ZPxXTwkqLU5muCPcgA5','盗用他人帖子信息~~~','2018-10-14 15:24:34','http://127.0.0.1:5000/post_detail/xRt8fdQo7qo3A48fn6U7Vk/?lang=ch',0);
/*!40000 ALTER TABLE `error` ENABLE KEYS */;
UNLOCK TABLES;

--
-- Table structure for table `focus`
--

DROP TABLE IF EXISTS `focus`;
/*!40101 SET @saved_cs_client     = @@character_set_client */;
/*!50503 SET character_set_client = utf8mb4 */;
CREATE TABLE `focus` (
  `id` int NOT NULL AUTO_INCREMENT,
  `focus_time` datetime DEFAULT NULL,
  `own_user_id` varchar(150) NOT NULL,
  `author_id` varchar(100) NOT NULL,
  PRIMARY KEY (`id`),
  KEY `author_id` (`author_id`),
  CONSTRAINT `focus_ibfk_1` FOREIGN KEY (`author_id`) REFERENCES `front_user` (`id`)
) ENGINE=InnoDB AUTO_INCREMENT=78 DEFAULT CHARSET=utf8mb3;
/*!40101 SET character_set_client = @saved_cs_client */;

--
-- Dumping data for table `focus`
--

LOCK TABLES `focus` WRITE;
/*!40000 ALTER TABLE `focus` DISABLE KEYS */;
INSERT INTO `focus` VALUES (12,'2018-09-18 20:00:47','ysNWsnHoG8p2EGzEXKvaCj','FNdFhqoMAjAnGH8sNJySXB'),(14,'2018-09-18 20:01:02','ysNWsnHoG8p2EGzEXKvaCj','mLVKzNwXjNUx9B2Nsthp9F'),(16,'2018-09-18 20:01:12','ysNWsnHoG8p2EGzEXKvaCj','zRBQfUrUWmfX9W5JsEs23V'),(17,'2018-09-18 20:01:24','ysNWsnHoG8p2EGzEXKvaCj','LNhDD3XjqoeNS9HqhSDzyQ'),(18,'2018-09-18 20:08:10','ysNWsnHoG8p2EGzEXKvaCj','VSwcS6gb7h3qQbkWTcYyWL'),(37,'2018-09-18 21:46:22','VSwcS6gb7h3qQbkWTcYyWL','AaPykFXjjwquWaoHtVDumS'),(38,'2018-09-18 21:46:35','ysNWsnHoG8p2EGzEXKvaCj','AaPykFXjjwquWaoHtVDumS'),(68,'2018-09-25 16:36:16','kY2ZPxXTwkqLU5muCPcgA5','ysNWsnHoG8p2EGzEXKvaCj'),(73,'2018-10-14 10:13:26','HF2GpEcvkpTbW6qbyc9TMf','ysNWsnHoG8p2EGzEXKvaCj'),(74,'2022-05-09 21:27:36','5ABqQEnhMzAAdcPM3CPYBQ','fphwn7akrsbyD3u5eUZA7i'),(76,'2022-05-15 16:51:29','FNdFhqoMAjAnGH8sNJySXB','fphwn7akrsbyD3u5eUZA7i'),(77,'2022-05-15 17:10:02','kY2ZPxXTwkqLU5muCPcgA5','fphwn7akrsbyD3u5eUZA7i');
/*!40000 ALTER TABLE `focus` ENABLE KEYS */;
UNLOCK TABLES;

--
-- Table structure for table `front_user`
--

DROP TABLE IF EXISTS `front_user`;
/*!40101 SET @saved_cs_client     = @@character_set_client */;
/*!50503 SET character_set_client = utf8mb4 */;
CREATE TABLE `front_user` (
  `id` varchar(100) NOT NULL,
  `username` varchar(50) DEFAULT NULL,
  `_password` varchar(100) NOT NULL,
  `email` varchar(50) NOT NULL,
  `realname` varchar(50) DEFAULT NULL,
  `telephone` varchar(11) DEFAULT NULL,
  `qq` varchar(20) DEFAULT NULL,
  `avatar` varchar(100) DEFAULT NULL,
  `signature` text,
  `join_time` datetime DEFAULT NULL,
  `points` int DEFAULT NULL,
  `nickname` varchar(100) DEFAULT NULL,
  `old_avater` varchar(300) DEFAULT NULL,
  `gender` varchar(100) DEFAULT NULL,
  `my_web` varchar(100) DEFAULT NULL,
  `charactors` int DEFAULT NULL,
  `is_active` int DEFAULT NULL,
  `address` varchar(150) DEFAULT NULL,
  `color` varchar(20) DEFAULT NULL,
  `weibo_id` varchar(80) DEFAULT NULL,
  PRIMARY KEY (`id`),
  UNIQUE KEY `email` (`email`)
) ENGINE=InnoDB DEFAULT CHARSET=utf8mb3;
/*!40101 SET character_set_client = @saved_cs_client */;

--
-- Dumping data for table `front_user`
--

LOCK TABLES `front_user` WRITE;
/*!40000 ALTER TABLE `front_user` DISABLE KEYS */;
INSERT INTO `front_user` VALUES ('5ABqQEnhMzAAdcPM3CPYBQ','user9','pbkdf2:sha256:50000$1awxIzcH$7bab377c947882f5f4860a3814887a845fc31c2807f3d263b4d82500fdf72659','user9@qq.com',NULL,NULL,NULL,'https://xxx.oss-cn-hangzhou.aliyuncs.com/avater/default.png','这家伙很懒，什么都没有留下~','2020-09-12 10:00:58',2,'ln1',NULL,'秘密',NULL,0,1,'广西-南宁市-市辖区','#1d1239',NULL),('7SWuncBDfghCL9rdFu3NHP','Triumph19','pbkdf2:sha256:50000$l77CHfvl$12a7a085376cd69fbd8d1eb1216487372961b0fa22478b468c79bb66f2534af2','m2345691@126.com',NULL,NULL,NULL,'https://xxx.oss-cn-hangzhou.aliyuncs.com/avater/7SWuncBDfghCL9rdFu3NHP.jpg','这家伙很懒，什么都没有留下~','2020-09-14 21:43:18',2,'独孤九剑_Linux',NULL,'秘密',NULL,517,1,'北京-市辖区-海淀区','#1d1239',NULL),('AaPykFXjjwquWaoHtVDumS','user1','pbkdf2:sha256:50000$Ffg3COz3$49bdc8c69ff2d35fad7a036aaeffa6d791891782dabadefc1cf1007c1e4700b4','user1@qq.com','',NULL,'None','https://xxx.oss-cn-hangzhou.aliyuncs.com/avater/AaPykFXjjwquWaoHtVDumS.jpg','这家伙很懒，什么都没有留下~','2021-09-12 09:55:33',2,'新一代卷王',NULL,'女','None',275,1,'浙江-杭州市-市辖区','#1d1239',NULL),('AY7DfpfrWVN9v5tnv3LVXK','董豪','pbkdf2:sha256:50000$AMTrVW6h$976d9baa306c8a7f437ad637cc874c001862f951c982d1d1cd930dd36174e457','407257357@qq.com',NULL,NULL,NULL,'https://xxx.oss-cn-hangzhou.aliyuncs.com/avater/AY7DfpfrWVN9v5tnv3LVXK.jpg','这家伙很懒，什么都没有留下~','2021-09-14 22:44:27',0,'几何心凉',NULL,'秘密',NULL,1262,1,'河南-信阳市-潢川县','#1d1239',NULL),('eKf4NyNtLko9fiaL2gvfy6','user10','pbkdf2:sha256:50000$ZSUG75EM$8c9515265794a22acf1471ac547151907560063b39a9f5203606cd70527297ff','user10@qq.com',NULL,NULL,NULL,'https://xxx.oss-cn-hangzhou.aliyuncs.com/avater/default.png','这家伙很懒，什么都没有留下~','2020-09-12 10:01:06',0,'少年歌行s',NULL,'秘密',NULL,85,1,'宁夏-银川市-市辖区','#1d1239',NULL),('FNdFhqoMAjAnGH8sNJySXB','user5','pbkdf2:sha256:50000$cRsGFyS9$8f3c52e22a325d0dfa43a795fc4e6651086ba9723a63c2ce8187af4c4d234c9a','user5@qq.com',NULL,NULL,NULL,'https://xxx.oss-cn-hangzhou.aliyuncs.com/avater/FNdFhqoMAjAnGH8sNJySXB.jpg','这家伙很懒，什么都没有留下~','2020-09-12 10:00:27',4,'活在风浪里',NULL,'秘密',NULL,1264,1,'重庆-市辖区-万州区','#1d1239',NULL),('fphwn7akrsbyD3u5eUZA7i',NULL,'pbkdf2:sha256:50000$H9H4diQv$593f7c624ca8d0ecd2ef4fd204cc207dc11d4d74a61fad4cb2c41005579fd06c','xxx@qq.com','未填写',NULL,'未填写','https://xxx.oss-cn-hangzhou.aliyuncs.com/avater/default.png','这家伙很懒，什么都没有留下~','2022-05-09 21:11:08',13,'渴望力量的哈士奇',NULL,'秘密',NULL,10,1,'四川-成都市-市辖区','#1d1239',NULL),('kY2ZPxXTwkqLU5muCPcgA5','user3','pbkdf2:sha256:50000$wC6KqT86$929f08315aaf7a757c41a814e6f8d853dfd70bb9751e0236a218dd4d3ffc6088','user3@qq.com',NULL,NULL,NULL,'https://xxx.oss-cn-hangzhou.aliyuncs.com/avater/kY2ZPxXTwkqLU5muCPcgA5.jpg','这家伙很懒，什么都没有留下~','2022-09-12 09:55:54',2,'学无止境小奇',NULL,'秘密',NULL,973,1,'四川-成都市-市辖区','#1d1239',NULL),('LNhDD3XjqoeNS9HqhSDzyQ','user7','pbkdf2:sha256:50000$NVBz9gIm$d57eefc099b8514cd74e31e80b4ea586a5d024f9cae4c572f4a478f5021dfb8a','user7@qq.com',NULL,NULL,NULL,'https://xxx.oss-cn-hangzhou.aliyuncs.com/avater/LNhDD3XjqoeNS9HqhSDzyQ.jpg','这家伙很懒，什么都没有留下~','2020-09-12 10:00:44',0,'字母哥哥',NULL,'秘密',NULL,162,1,'甘肃-兰州市-市辖区','#1d1239',NULL),('mLVKzNwXjNUx9B2Nsthp9F','tanyajuan','pbkdf2:sha256:50000$gvwW9zrh$3e3556adebaf0de21178030fdddc1fbf88d764385337a661d9ce921e8033986d','1585743021@qq.com','谭雅娟',NULL,'1585743021','https://xxx.oss-cn-hangzhou.aliyuncs.com/avater/mLVKzNwXjNUx9B2Nsthp9F.jpg','None','2020-08-31 10:27:48',30,'石原里美的微笑',NULL,'秘密','None',251,1,'重庆-市辖区-万州区','#1d1239',NULL),('PtwqBv4uHUYnDMqkA2NFkX','user4','pbkdf2:sha256:50000$7jAEiLdn$d85d3c7a378a55838395fa4116864b72e9bc3929557965befd08e65dc5a8fcf5','user4@qq.com',NULL,NULL,NULL,'https://xxx.oss-cn-hangzhou.aliyuncs.com/avater/default.png','这家伙很懒，什么都没有留下~','2020-09-12 10:00:18',0,'howcoder',NULL,'秘密',NULL,954,1,'湖南-长沙市-长沙县','#1d1239',NULL),('VSwcS6gb7h3qQbkWTcYyWL','user6','pbkdf2:sha256:50000$xk33twC8$d5ed239ae3a977f547f0193e8a231cba15ac6b9d851a0ff41e5bc58b075083d3','user6@qq.com',NULL,NULL,NULL,'https://xxx.oss-cn-hangzhou.aliyuncs.com/avater/VSwcS6gb7h3qQbkWTcYyWL.jpg','这家伙很懒，什么都没有留下~','2020-09-12 10:00:36',2,'振华OPPO',NULL,'秘密',NULL,22,1,'云南-昆明市-市辖区','#1d1239',NULL),('xBzNaGs62R9RbHzPA6nZzC','user8','pbkdf2:sha256:50000$g7OncGnz$3920976682410146de4d3da724bad779e2402d986116717ae8a753527f011f4d','user8@qq.com',NULL,NULL,NULL,'https://xxx.oss-cn-hangzhou.aliyuncs.com/avater/xBzNaGs62R9RbHzPA6nZzC.jpg','这家伙很懒，什么都没有留下~','2020-09-12 10:00:51',0,'林小小小鹿',NULL,'秘密',NULL,1495,1,'重庆-市辖区-万州区','#1d1239',NULL),('ysNWsnHoG8p2EGzEXKvaCj','遇安.112','pbkdf2:sha256:50000$fHlCCypc$634617a8fa153d71761dbfaf514884fe638f419fda006d7f1ca4f5e6be6f1025','1417766861@qq.com','董豪',NULL,'14177668861','https://xxx.oss-cn-hangzhou.aliyuncs.com/avater/ysNWsnHoG8p2EGzEXKvaCj.jpg','我就是我，不一样的烟火火','2021-08-28 13:01:43',155,'遇安.112',NULL,'男','',0,1,'重庆-市辖区-万州区','#1d1239',NULL),('zRBQfUrUWmfX9W5JsEs23V','user2','pbkdf2:sha256:50000$aFfLs6wj$174c445dca9fff63ff003e57c2ee811c28dd06f6c01808874ec3cb57c44e7b99','user2@qq.com',NULL,NULL,NULL,'https://xxx.oss-cn-hangzhou.aliyuncs.com/avater/zRBQfUrUWmfX9W5JsEs23V.jpg','这家伙很懒，什么都没有留下~','2022-05-12 19:59:48',2,'mameng1998',NULL,'秘密',NULL,589,1,'湖北-武汉市-市辖区','#1d1239',NULL);
/*!40000 ALTER TABLE `front_user` ENABLE KEYS */;
UNLOCK TABLES;

--
-- Table structure for table `group`
--

DROP TABLE IF EXISTS `group`;
/*!40101 SET @saved_cs_client     = @@character_set_client */;
/*!50503 SET character_set_client = utf8mb4 */;
CREATE TABLE `group` (
  `id` int NOT NULL AUTO_INCREMENT,
  `name` varchar(150) DEFAULT NULL,
  `create_time` datetime DEFAULT NULL,
  `create_user` varchar(100) NOT NULL,
  `point` int DEFAULT NULL,
  `desc` text,
  `avatar` varchar(150) DEFAULT NULL,
  PRIMARY KEY (`id`)
) ENGINE=InnoDB AUTO_INCREMENT=7 DEFAULT CHARSET=utf8mb3;
/*!40101 SET character_set_client = @saved_cs_client */;

--
-- Dumping data for table `group`
--

LOCK TABLES `group` WRITE;
/*!40000 ALTER TABLE `group` DISABLE KEYS */;
INSERT INTO `group` VALUES (2,'Python全栈技术社区\n','2018-09-16 16:01:32','ysNWsnHoG8p2EGzEXKvaCj',221,'由Python学习者和社区专家组成的国内最大的第三方Python中文社区，帮助社区成员更好地入门学习、职业成长和应用实践','https://xxx.oss-cn-hangzhou.aliyuncs.com/groups/python全栈.jpg'),(3,'信息技术智库','2018-09-16 16:04:01','ysNWsnHoG8p2EGzEXKvaCj',110,'','https://xxx.oss-cn-hangzhou.aliyuncs.com/groups/信息技术智库.jpg'),(5,'《新程序员》','2018-09-17 08:54:51','ysNWsnHoG8p2EGzEXKvaCj',12,'《新程序员》读者俱乐部','https://xxx.oss-cn-hangzhou.aliyuncs.com/groups/新程序员.png'),(6,'极术公开课','2018-09-18 22:56:22','FNdFhqoMAjAnGH8sNJySXB',20,'欢迎加入极术社区，共创中国智能计算生态。依托安谋科技“核芯动力”产品，社区提供智能计算领域的资讯，鼓励技术写作和问答互助，致力促进中国芯片技术的合作创新。','https://xxx.oss-cn-hangzhou.aliyuncs.com/groups/极术社区.png');
/*!40000 ALTER TABLE `group` ENABLE KEYS */;
UNLOCK TABLES;

--
-- Table structure for table `group_manage`
--

DROP TABLE IF EXISTS `group_manage`;
/*!40101 SET @saved_cs_client     = @@character_set_client */;
/*!50503 SET character_set_client = utf8mb4 */;
CREATE TABLE `group_manage` (
  `id` int NOT NULL AUTO_INCREMENT,
  `group_id` int DEFAULT NULL,
  `author_id` varchar(150) DEFAULT NULL,
  PRIMARY KEY (`id`),
  KEY `author_id` (`author_id`),
  KEY `group_id` (`group_id`),
  CONSTRAINT `group_manage_ibfk_1` FOREIGN KEY (`author_id`) REFERENCES `front_user` (`id`),
  CONSTRAINT `group_manage_ibfk_2` FOREIGN KEY (`group_id`) REFERENCES `group` (`id`)
) ENGINE=InnoDB AUTO_INCREMENT=20 DEFAULT CHARSET=utf8mb3;
/*!40101 SET character_set_client = @saved_cs_client */;

--
-- Dumping data for table `group_manage`
--

LOCK TABLES `group_manage` WRITE;
/*!40000 ALTER TABLE `group_manage` DISABLE KEYS */;
INSERT INTO `group_manage` VALUES (9,2,'FNdFhqoMAjAnGH8sNJySXB'),(10,6,'ysNWsnHoG8p2EGzEXKvaCj'),(14,3,'LNhDD3XjqoeNS9HqhSDzyQ'),(15,3,'VSwcS6gb7h3qQbkWTcYyWL'),(18,3,'HF2GpEcvkpTbW6qbyc9TMf');
/*!40000 ALTER TABLE `group_manage` ENABLE KEYS */;
UNLOCK TABLES;

--
-- Table structure for table `hightlight_post`
--

DROP TABLE IF EXISTS `hightlight_post`;
/*!40101 SET @saved_cs_client     = @@character_set_client */;
/*!50503 SET character_set_client = utf8mb4 */;
CREATE TABLE `hightlight_post` (
  `id` int NOT NULL AUTO_INCREMENT,
  `post_id` varchar(150) DEFAULT NULL,
  `create_time` datetime DEFAULT NULL,
  PRIMARY KEY (`id`),
  KEY `post_id` (`post_id`),
  CONSTRAINT `hightlight_post_ibfk_1` FOREIGN KEY (`post_id`) REFERENCES `posts` (`id`)
) ENGINE=InnoDB AUTO_INCREMENT=791 DEFAULT CHARSET=utf8mb3;
/*!40101 SET character_set_client = @saved_cs_client */;

--
-- Dumping data for table `hightlight_post`
--

LOCK TABLES `hightlight_post` WRITE;
/*!40000 ALTER TABLE `hightlight_post` DISABLE KEYS */;
INSERT INTO `hightlight_post` VALUES (783,NULL,'2018-10-13 12:30:07'),(789,'gcbxu9aUHFc4uASkC9Kr5Y','2018-10-13 12:31:09'),(790,NULL,'2018-10-13 12:52:17');
/*!40000 ALTER TABLE `hightlight_post` ENABLE KEYS */;
UNLOCK TABLES;

--
-- Table structure for table `image`
--

DROP TABLE IF EXISTS `image`;
/*!40101 SET @saved_cs_client     = @@character_set_client */;
/*!50503 SET character_set_client = utf8mb4 */;
CREATE TABLE `image` (
  `id` int NOT NULL AUTO_INCREMENT,
  `url` varchar(150) DEFAULT NULL,
  `album_id` int DEFAULT NULL,
  `create_time` datetime DEFAULT NULL,
  PRIMARY KEY (`id`),
  KEY `album_id` (`album_id`),
  CONSTRAINT `image_ibfk_1` FOREIGN KEY (`album_id`) REFERENCES `album` (`id`)
) ENGINE=InnoDB AUTO_INCREMENT=214 DEFAULT CHARSET=utf8mb3;
/*!40101 SET character_set_client = @saved_cs_client */;

--
-- Dumping data for table `image`
--

LOCK TABLES `image` WRITE;
/*!40000 ALTER TABLE `image` DISABLE KEYS */;
INSERT INTO `image` VALUES (7,'https://dl-preview.csdnimg.cn/6893159/0001-53e072543f102a2f4f39ffedea934012_thumbnail.jpeg',1,'2022-05-15 00:21:21'),(11,'https://dl-preview.csdnimg.cn/7752775/0001-b07af52e3981ba9aba0848b9365510c7_thumbnail.jpeg',2,'2022-05-15 00:21:21'),(12,'https://dl-preview.csdnimg.cn/7759237/0001-31b88cbc9edd4d07c163eaa17da8162a_thumbnail.jpeg',3,'2022-05-15 00:21:21'),(13,'https://dl-preview.csdnimg.cn/7625187/0001-1f45b4c5bf7ae2416e512fb109855154_thumbnail.jpeg',4,'2022-05-15 00:21:21'),(14,'https://dl-preview.csdnimg.cn/6910597/0001-5eaf275633a0a9f6cbf3e0bcf3dbc271_thumbnail.jpeg',5,'2022-05-15 00:21:21'),(15,'https://dl-preview.csdnimg.cn/4827647/0001-94f4ecc1db5fe1026ee442874649977f_thumbnail.jpeg',6,'2022-05-15 00:21:21'),(16,'https://dl-preview.csdnimg.cn/5067229/0001-e7bcc3b3aa0a267a04fa5195fbb8e7c2_thumbnail.jpeg',8,'2022-05-15 00:21:21'),(24,'https://dl-preview.csdnimg.cn/6618713/0001-1e29017b4a469479d298646d256f19a1_thumbnail.jpeg',7,'2022-05-15 00:21:21'),(170,'https://dl-preview.csdnimg.cn/3761892/0001-4808a19597e79eabd8d080f5696a1e5c_thumbnail.jpeg',9,'2022-05-15 00:21:21'),(171,'https://dl-preview.csdnimg.cn/6887021/0001-3efa23962162a9107fc3dc61ef8cb23b_thumbnail.jpeg',10,'2022-05-15 00:21:21'),(172,'https://dl-preview.csdnimg.cn/6950641/0001-5fe2ef36fc21ce4d2de7ea1798c30ea3_thumbnail.jpeg',11,'2022-05-15 00:21:21'),(212,'https://xxx.oss-cn-hangzhou.aliyuncs.com/images/20220515002115IMG_20190702_075506e0ca1b8fb8.jpg',29,'2022-05-15 00:21:21'),(213,'https://xxx.oss-cn-hangzhou.aliyuncs.com/images/20220515002119IMG_20190702_075600_00212b6239ad7.jpg',29,'2022-05-15 00:21:21');
/*!40000 ALTER TABLE `image` ENABLE KEYS */;
UNLOCK TABLES;

--
-- Table structure for table `img_tag`
--

DROP TABLE IF EXISTS `img_tag`;
/*!40101 SET @saved_cs_client     = @@character_set_client */;
/*!50503 SET character_set_client = utf8mb4 */;
CREATE TABLE `img_tag` (
  `id` int NOT NULL AUTO_INCREMENT,
  `tagname` varchar(150) DEFAULT NULL,
  PRIMARY KEY (`id`)
) ENGINE=InnoDB AUTO_INCREMENT=26 DEFAULT CHARSET=utf8mb3;
/*!40101 SET character_set_client = @saved_cs_client */;

--
-- Dumping data for table `img_tag`
--

LOCK TABLES `img_tag` WRITE;
/*!40000 ALTER TABLE `img_tag` DISABLE KEYS */;
INSERT INTO `img_tag` VALUES (3,'C'),(4,'Java'),(5,'Vue'),(6,'Python'),(7,'Cuda'),(8,'数据库'),(9,'OpenCV'),(10,'网络'),(12,'前端'),(13,'android'),(14,'docker'),(16,'node.js');
/*!40000 ALTER TABLE `img_tag` ENABLE KEYS */;
UNLOCK TABLES;

--
-- Table structure for table `post_tag`
--

DROP TABLE IF EXISTS `post_tag`;
/*!40101 SET @saved_cs_client     = @@character_set_client */;
/*!50503 SET character_set_client = utf8mb4 */;
CREATE TABLE `post_tag` (
  `post_id` varchar(150) NOT NULL,
  `tag_id` int NOT NULL,
  PRIMARY KEY (`post_id`,`tag_id`),
  KEY `tag_id` (`tag_id`),
  CONSTRAINT `post_tag_ibfk_1` FOREIGN KEY (`post_id`) REFERENCES `posts` (`id`),
  CONSTRAINT `post_tag_ibfk_2` FOREIGN KEY (`tag_id`) REFERENCES `tag` (`id`)
) ENGINE=InnoDB DEFAULT CHARSET=utf8mb3;
/*!40101 SET character_set_client = @saved_cs_client */;

--
-- Dumping data for table `post_tag`
--

LOCK TABLES `post_tag` WRITE;
/*!40000 ALTER TABLE `post_tag` DISABLE KEYS */;
INSERT INTO `post_tag` VALUES ('6U5dnryto99cA7FMQhhh8X',24),('aEi5Agz9bzm7coGNJK39fj',24),('BNkY6UU7UicxZk7DpGCbXL',24),('8AedYg4CiGhdytzc4nTEmc',26),('A2728FV98M7NnHcMzp7ZMA',27),('9vvMtCh3QKevqyvg5vinuY',28),('CiKycWfSSo3F79To7AcXgJ',28),('gcbxu9aUHFc4uASkC9Kr5Y',29),('igiyooy8r5ytgNdEikudSE',29),('6WgRGk3JsQYgvYdtAD3UiS',30),('anrykoFiWMXJmottEd8gW6',31),('6WgRGk3JsQYgvYdtAD3UiS',32),('8AedYg4CiGhdytzc4nTEmc',33),('cZBezRxAkvK63aLLfcF3rn',34),('anrykoFiWMXJmottEd8gW6',35),('anrykoFiWMXJmottEd8gW6',36),('BNkY6UU7UicxZk7DpGCbXL',36),('85rUgqpqsuA4wABw9yv88Z',38),('85rUgqpqsuA4wABw9yv88Z',39),('8AedYg4CiGhdytzc4nTEmc',39),('6WgRGk3JsQYgvYdtAD3UiS',40),('Jq9Evr3WeCLASx3kQoFhYJ',41),('Jq9Evr3WeCLASx3kQoFhYJ',42),('6U5dnryto99cA7FMQhhh8X',43),('6U5dnryto99cA7FMQhhh8X',44),('A2728FV98M7NnHcMzp7ZMA',45),('gcbxu9aUHFc4uASkC9Kr5Y',46),('igiyooy8r5ytgNdEikudSE',46),('aEi5Agz9bzm7coGNJK39fj',47),('9vvMtCh3QKevqyvg5vinuY',48),('aEi5Agz9bzm7coGNJK39fj',48),('aEi5Agz9bzm7coGNJK39fj',49),('anrykoFiWMXJmottEd8gW6',49),('gcbxu9aUHFc4uASkC9Kr5Y',50);
/*!40000 ALTER TABLE `post_tag` ENABLE KEYS */;
UNLOCK TABLES;

--
-- Table structure for table `posts`
--

DROP TABLE IF EXISTS `posts`;
/*!40101 SET @saved_cs_client     = @@character_set_client */;
/*!50503 SET character_set_client = utf8mb4 */;
CREATE TABLE `posts` (
  `id` varchar(150) NOT NULL,
  `title` varchar(150) NOT NULL,
  `content` text NOT NULL,
  `create_time` datetime DEFAULT NULL,
  `read_count` int DEFAULT NULL,
  `author_id` varchar(150) DEFAULT NULL,
  PRIMARY KEY (`id`),
  KEY `author_id` (`author_id`),
  CONSTRAINT `posts_ibfk_1` FOREIGN KEY (`author_id`) REFERENCES `front_user` (`id`)
) ENGINE=InnoDB DEFAULT CHARSET=utf8mb3;
/*!40101 SET character_set_client = @saved_cs_client */;

--
-- Dumping data for table `posts`
--

LOCK TABLES `posts` WRITE;
/*!40000 ALTER TABLE `posts` DISABLE KEYS */;
INSERT INTO `posts` VALUES ('6U5dnryto99cA7FMQhhh8X','JAVA实现QQ登录、注册等功能',' <article class=\"baidu_pl\">\n        <div id=\"article_content\" class=\"article_content clearfix\">\n        <link rel=\"stylesheet\" href=\"https://csdnimg.cn/release/blogv2/dist/mdeditor/css/editerView/ck_htmledit_views-163de54645.css\">\n                <div id=\"content_views\" class=\"htmledit_views\">\n                    <blockquote> \n <p>本文主要应用的技术有&#xff1a;GUI、JDBC、多线程</p> \n</blockquote> \n<blockquote> \n <p> 实现的功能具体如下&#xff1a;</p> \n <p>1、登录功能</p> \n <p>2、注册功能</p> \n <p>3、是否隐藏密码的选择以及实现功能</p> \n <p>4、选择性别功能</p> \n <p>5、密码与确认密码功能</p> \n <p>6、登录页面实时展示当前的时间</p> \n <p>7、当登录时用户名与密码在数据库中没有相匹配的数据&#xff0c;则会跳转到注册页面上去。</p> \n <p>8、同样&#xff0c;注册完毕后&#xff0c;数据会运用JDBC将数据写入数据库中&#xff0c;然后跳转回登录页面。</p> \n</blockquote> \n<blockquote> \n <p> 登录页面&#xff1a;</p> \n</blockquote> \n<pre><code class=\"language-java\">import javax.swing.*;\nimport java.awt.*;\nimport java.awt.event.*;\nimport java.sql.*;\nimport java.time.LocalTime;\n\npublic class JDBC_登录功能 {\n    public static void main(String[] args) {\n        guitext3 gt&#61;new guitext3();\n       new Thread(new time1(gt.time)).start();//启动线程\n\n    }\n}\nclass guitext3 {\n    JFrame jf;\n    JLabel l1,l2,time;\n    JTextField f1;\n    JPasswordField f2;\n    JButton jb1,jb2;\n    JCheckBox jc;\n    public guitext3() {\n        jf &#61; new JFrame(&#34;QQ登录窗口&#34;);\n        jf.setSize(320,250);\n        jf.setLocation(700,300);//设置窗口每次启动都显示在屏幕正中央\n        jf.setLayout(null);\n        Font font &#61; new Font(&#34;仿宋&#34;, Font.BOLD, 20);//设置统一的字体&#xff0c;让代码更加整洁美观\n        l1 &#61; new JLabel(&#34;用户名&#xff1a;&#34;);\n        l1.setBounds(10,10,100,40);\n        l1.setFont(font);\n        f1 &#61; new JTextField(null,20);\n        f1.setBounds(90,15,180,30);\n        f1.setFont(font);\n        l2 &#61; new JLabel(&#34;密  码&#xff1a;&#34;);\n        l2.setBounds(8,50,100,40);\n        l2.setFont(font);\n        f2&#61;new JPasswordField(null,20);\n        f2.setBounds(90,55,180,30);\n        f2.setEchoChar(&#39;*&#39;);//设置密码的外显为*\n        f2.setFont(font);\n        jc&#61;new JCheckBox(&#34;显示密码&#34;);\n        jc.setBounds(230,130,80,40);\n        jc.addItemListener(new ItemListener() {\n            public void itemStateChanged(ItemEvent e) {\n                if (e.getStateChange() &#61;&#61; ItemEvent.SELECTED) {//被选中\n                    f2.setEchoChar((char) 0);\n                } else {\n                    f2.setEchoChar(&#39;*&#39;);\n                }\n            }\n        });\n        ActionListener listener&#61;new AbstractAction() {\n            &#64;Override\n            public void actionPerformed(ActionEvent e) {\n\n            }\n        };\n        jc.addActionListener(listener);\n        jb1 &#61; new JButton(&#34;登录&#34;);\n        jb1.setBounds(30,100,80,40);\n        time&#61;new JLabel();\n        time.setBounds(30,150,140,40);\n        time.setFont(font);\n        //匿名内部类\n        jb1.addMouseListener(new MouseAdapter() {\n            public void mouseClicked(MouseEvent e) {\n                Statement st&#61;null;\n                Connection con&#61;null;\n                ResultSet rs&#61;null;\n                try {\n                    //注册驱动\n                    Class.forName(&#34;com.mysql.cj.jdbc.Driver&#34;);\n                    //这里的3306/后跟的是数据库名\n                    //获取数据库连接\n                    String url&#61;&#34;jdbc:mysql://localhost:3306/students?serverTimezone&#61;GMT%2B8&#34;;\n                    //通过DriverManager完成注册\n                    con&#61; DriverManager.getConnection(url,&#34;root&#34;,&#34;123&#34;);//你自己的数据库用户名和密码\n                    //执行SQL语句\n                    String sql&#61;&#34;select * from student&#34;;//from 后跟表名\n                    st&#61;con.createStatement();\n                    rs&#61;st.executeQuery(sql);\n            boolean flag&#61;false;\n            while(rs.next()){\n                //如果输入的用户名和密码与数据库中的用户和对应的密码相同&#xff0c;则弹出“登录成功&#xff01;”的窗口\n                if(f1.getText().equals(rs.getString(1))&amp;&amp;f2.getText().equals(rs.getString(2))){\n                    JOptionPane.showMessageDialog(null, &#34;登录成功&#xff01;&#34;);\n                    flag&#61;true;//登陆成功后将标记改为true方便确认\n                    break;\n                }\n            }\n            if(flag&#61;&#61;false){//如果标记为false&#xff0c;则表示用户名和密码在数据库中未找到&#xff0c;弹出“登录失败&#xff01;请注册账户&#xff01;”的窗口\n                JOptionPane.showMessageDialog(null, &#34;登录失败&#xff01;请注册账户&#xff01;&#34;);\n                f1.setText(null);//清空用户栏\n                f2.setText(null);//清空密码栏\n                //这个账号不存在&#xff0c;需要注册&#xff0c;跳转到注册窗口\n                guitext4 gt&#61;new guitext4();\n                jf.dispose();//关闭窗体&#xff0c;释放所有资源\n            }\n                } catch (ClassNotFoundException ex) {\n                    ex.printStackTrace();\n                } catch (SQLException ex) {\n                    ex.printStackTrace();\n                }\n            }\n        });\n        jb1.setFont(font);\n        jb2 &#61; new JButton(&#34;退出&#34;);\n        jb2.setBounds(150,100,80,40);\n        //匿名内部类\n        jb2.addMouseListener(new MouseAdapter() {\n            //重写鼠标点击事件\n            public void mouseClicked(MouseEvent e) {//如果点击了退出窗口&#xff0c;则弹出“退出成功&#xff01;”的窗口\n                JOptionPane.showMessageDialog(null, &#34;退出成功&#xff01;&#34;);\n                //系统退出\n                System.exit(0);\n            }\n        });\n        jb2.setFont(font);\n        //将这些按钮和文本等加入到窗体中\n        jf.add(l1);\n        jf.add(f1);\n        jf.add(l2);\n        jf.add(f2);\n        jf.add(jb1);\n        jf.add(jb2);\n        jf.add(time);\n        jf.add(jc);\n        jf.setVisible(true);//让组件显示\n    }\n}\n//写一个时间线程类\nclass time1 implements Runnable{\n    JLabel time;//方便传参\n    public time1(JLabel time) {\n        this.time &#61; time;\n    }\n    public void run(){\n        while (true) {\n            try {\n                Thread.sleep(1000);//休眠1秒\n                LocalTime time&#61;LocalTime.now();//获取当前时间\n                this.time.setText(time.toString());//设置JLabel文本\n                //SimpleDateFormat t &#61; new SimpleDateFormat (&#34;HH:mm:ss&#34;);//格式化时间&#xff0c;把时间格式化为时&#xff1a;分&#xff1a;秒\n               // this.time.setText(t.format(time));//给标签添加内容&#xff0c;即时间\n            } catch (InterruptedException e) {\n                e.printStackTrace();\n            }\n        }\n    }\n}</code></pre> \n<blockquote> \n <p> 注册页面&#xff1a;</p> \n</blockquote> \n<pre><code class=\"language-java\">import javax.swing.*;\nimport java.awt.*;\nimport java.awt.event.*;\nimport java.sql.*;\n\npublic class JDBC_注册功能 {\n    public static void main(String[] args) {\n        guitext4 gt&#61;new guitext4();\n    }\n}\nclass guitext4{\n    JFrame jf;\n   // JPanel jp;\n    JLabel l1,l2,l3;\n    JTextField f1;\n    JPasswordField f2,f3;\n    JButton jb1,jb2;\n    JRadioButton jr1,jr2;\n    JCheckBox jc;\n    public guitext4() {\n        jf &#61; new JFrame(&#34;QQ注册窗口&#34;);\n        jf.setSize(320,280);//设置窗体大小\n        jf.setLocation(700,300);//设置窗口每次启动都显示在屏幕正中央\n        jf.setLayout(null);\n       // jp &#61; new JPanel();\n        Font font &#61; new Font(&#34;仿宋&#34;, Font.BOLD, 20);//设置统一的字体&#xff0c;让代码更加整洁美观\n        l1 &#61; new JLabel(&#34;用户名&#xff1a;&#34;);\n        l1.setBounds(10,10,100,40);\n        l1.setFont(font);\n        f1 &#61; new JTextField(null,20);\n        f1.setBounds(90,15,180,30);\n        f1.setFont(font);\n            l2 &#61; new JLabel(&#34;密  码&#xff1a;&#34;);\n            l2.setBounds(8, 50, 100, 40);\n            l2.setFont(font);\n            f2 &#61; new JPasswordField(null, 20);\n            f2.setBounds(90, 55, 180, 30);\n            f2.setEchoChar(&#39;*&#39;);//设置密码的外显为*\n            f2.setFont(font);\n            l3 &#61; new JLabel(&#34;确认密码&#xff1a;&#34;);\n            l3.setBounds(8, 88, 130, 40);\n            l3.setFont(font);\n            f3 &#61; new JPasswordField(null, 20);\n            f3.setBounds(120, 95, 160, 30);\n            f3.setEchoChar(&#39;*&#39;);//设置密码的外显为*\n        jc&#61;new JCheckBox(&#34;显示密码&#34;);//创建一个复选按钮\n        jc.setBounds(230,130,80,40);\n        jc.addItemListener(new ItemListener() {\n            public void itemStateChanged(ItemEvent e) {\n                if (e.getStateChange() &#61;&#61; ItemEvent.SELECTED) {//被选中\n                    f2.setEchoChar((char) 0);//显示原本的数据\n                    f3.setEchoChar((char)0);//显示原本的数据\n                } else {\n                    f2.setEchoChar(&#39;*&#39;);//设置密码的外显为*\n                    f3.setEchoChar(&#39;*&#39;);//设置密码的外显为*\n                }\n            }\n        });\n                f3.setFont(font);\n                ButtonGroup group &#61; new ButtonGroup();\n                //创建两个单选按钮\n                jr1 &#61; new JRadioButton(&#34;男&#34;);\n                jr1.setBounds(70, 130, 80, 40);\n                jr1.setFont(font);\n                jr2 &#61; new JRadioButton(&#34;女&#34;);\n                jr2.setBounds(150, 130, 80, 40);\n                jr2.setFont(font);\n                //将两个单选按钮加入到同一个ButtonGroup组中\n                group.add(jr1);\n                group.add(jr2);\n                //实现监听接口\n                ActionListener listener &#61; new AbstractAction() {\n                    &#64;Override\n                    //actionPerformed&#61;&#61;&gt;发生动作时调用\n                    public void actionPerformed(ActionEvent e) {\n\n                    }\n                };\n                jr1.addActionListener(listener);\n                jr2.addActionListener(listener);\n                jc.addActionListener(listener);\n                jb1 &#61; new JButton(&#34;注册&#34;);\n                jb1.setBounds(50, 170, 80, 40);\n                //匿名内部类\n                jb1.addMouseListener(new MouseAdapter() {\n                    public void mouseClicked(MouseEvent e) {\n                        PreparedStatement ps &#61; null;//PreparedStatement&#61;&#61;&gt;表示预编译的SQL语句的对象。\n                        // SQL语句已预编译并存储在PreparedStatement对象中。\n                        Connection con &#61; null;//Connection&#61;&#61;&gt;与特定数据库的连接\n                        try {\n                            //注册驱动\n                            Class.forName(&#34;com.mysql.cj.jdbc.Driver&#34;);\n                            //这里的3306/后跟的是数据库名\n                            //获取数据库连接\n                            String url &#61; &#34;jdbc:mysql://localhost:3306/students?serverTimezone&#61;GMT%2B8&#34;;\n                            //通过DriverManager完成注册\n                            con &#61; DriverManager.getConnection(url, &#34;root&#34;, &#34;123&#34;);//你自己数据库的用户名和密码\n                            //执行SQL语句\n                            String sql &#61; &#34;insert into student(username,password,sex) values(?,?,?)&#34;;\n                            ps &#61; con.prepareStatement(sql);\n                            if(f1.getText().length()!&#61;0){\n                                //注&#xff1a;这里的所有getText()都不能写成!&#61;null\n                                ps.setString(1, f1.getText());\n                            }else{\n                                JOptionPane.showMessageDialog(null, &#34;姓名不能为空&#xff01;&#34;);//弹出窗口\n                            }\n                            if(f2.getText().length()!&#61;0) {\n                                ps.setString(2, f2.getText());\n                            }else{\n                                JOptionPane.showMessageDialog(null, &#34;密码不能为空&#xff01;&#34;);\n                            }\n                            if(jr1.isSelected()||jr2.isSelected()) {//如果选择男或者女&#xff0c;就存入数据库。\n                                if (jr1.isSelected()) {//isSelected&#xff08;&#xff09;&#61;&#61;&gt;判断按钮有没有被选中\n                                    ps.setString(3, jr1.getText());//选中男&#xff0c;则将sex&#61;男添加到数据\n                                }\n                                if (jr2.isSelected()) {\n                                    ps.setString(3, jr2.getText());//选中女&#xff0c;则将sex&#61;女添加到数据\n                                }\n                            }else{//否则弹出窗口提醒“请选择性别&#xff01;”\n                                JOptionPane.showMessageDialog(null, &#34;请选择性别&#xff01;&#34;);\n                            }\n                        } catch (ClassNotFoundException ex) {\n                            ex.printStackTrace();\n                        } catch (SQLException ex) {\n                            ex.printStackTrace();\n                        }\n                        if (new String(f2.getPassword()).equals(new String(f3.getPassword()))) {//如果密码与确认密码一致\n                            if (new String(f2.getPassword()).equals(new String(f3.getPassword()))&amp;&amp;f1.getText().length()!&#61;0&amp;&amp;f2.getText().length()!&#61;0\n                                    &amp;&amp;(jr1.isSelected()||jr2.isSelected())) {//如果密码与确认密码一致&#xff0c;用户名和密码不为空并且选择了性别&#xff0c;则注册成功\n                                JOptionPane.showMessageDialog(null, &#34;注册成功&#xff01;&#34;);\n                                //注册成功后跳转到登录窗口\n                                guitext3 gt &#61; new guitext3();\n                                jf.dispose();//关闭窗体&#xff0c;释放所有资源\n                                try {\n                                    int i &#61; ps.executeUpdate();//将注册的账户存储到数据库中\n                                } catch (SQLException ex) {\n                                    ex.printStackTrace();\n                                }\n                            }\n                        } else {\n                            JOptionPane.showMessageDialog(null, &#34;注册失败&#xff01;密码与确认密码不一致&#xff01;&#34;);\n                            f2.setText(null);//清空密码\n                            f3.setText(null);//清空确认密码\n                        }\n                    }\n                });\n                jb1.setFont(font);\n                jb2 &#61; new JButton(&#34;退出&#34;);\n                jb2.setBounds(170, 170, 80, 40);\n                //匿名内部类\n                jb2.addMouseListener(new MouseAdapter() {\n                    public void mouseClicked(MouseEvent e) {\n                        JOptionPane.showMessageDialog(null, &#34;退出成功&#xff01;&#34;);\n                        //系统退出\n                        System.exit(0);\n                    }\n                });\n                jb2.setFont(font);\n                jf.add(l1);\n                jf.add(f1);\n                jf.add(l2);\n                jf.add(f2);\n                jf.add(l3);\n                jf.add(f3);\n                jf.add(jr1);\n                jf.add(jr2);\n                jf.add(jc);\n                jf.add(jb1);\n                jf.add(jb2);\n                // jf.add(jp);\n                jf.setVisible(true);\n            }\n        }</code></pre> \n<blockquote> \n <p> 登录页面运行结果&#xff1a;</p> \n</blockquote> \n<p> <img alt=\"\" height=\"242\" src=\"https://img-blog.csdnimg.cn/faa4b668b0684aa190fbf4230d5b1c50.png\" width=\"304\" /></p> \n<blockquote> \n <p> 注册页面运行结果&#xff1a;</p> \n</blockquote> \n<p> <img alt=\"\" height=\"271\" src=\"https://img-blog.csdnimg.cn/94c8fc0e52a8440e80ec729716f35e4e.png\" width=\"307\" /></p> \n<blockquote> \n <p> 是否隐藏密码效果图&#xff1a;</p> \n</blockquote> \n<p><img alt=\"\" height=\"267\" src=\"https://img-blog.csdnimg.cn/50fc842306794501a0c5ae40b6897663.png\" width=\"305\" /> <img alt=\"\" height=\"269\" src=\"https://img-blog.csdnimg.cn/ee5aeb93f2b041babac9c4611ebb6871.png\" width=\"304\" /></p>\n                </div>\n        </div>\n        <div id=\"treeSkill\"></div>\n    </article>','2022-05-12 14:43:27',62,'ysNWsnHoG8p2EGzEXKvaCj'),('6WgRGk3JsQYgvYdtAD3UiS','【Linux】查看linux是centos还是ubuntu的方法','<article class=\"baidu_pl\">\n        <div id=\"article_content\" class=\"article_content clearfix\">\n        <link rel=\"stylesheet\" href=\"https://csdnimg.cn/release/blogv2/dist/mdeditor/css/editerView/ck_htmledit_views-163de54645.css\">\n                <div id=\"content_views\" class=\"markdown_views prism-github-gist\">\n                    <svg xmlns=\"http://www.w3.org/2000/svg\" style=\"display: none;\">\n                        <path stroke-linecap=\"round\" d=\"M5,0 0,2.5 5,5z\" id=\"raphael-marker-block\" style=\"-webkit-tap-highlight-color: rgba(0, 0, 0, 0);\"></path>\n                    </svg>\n                    <div class=\"content\">\n <span class=\"content_article_viewer_show\"></span>\n <p><strong><img src=\"https://img.php.cn/upload/article/000/000/040/5dd25b2ce5b34325.jpg\" /></strong></p>\n <p><strong>查看linux是centos还是ubuntu的方法</strong></p>\n <p>以下总结了4种区分centos和ubuntu系统的方法。</p>\n <p><strong>1、lsb_release -a</strong></p>\n <p>如果是想查看你的Linux系统是Ubuntu还是CentOS&#xff0c;可以使用lsb_release -a命令&#xff0c;lsb_release -a命令可以列出你的Linux系统是哪个Linux发行版&#xff0c;它还可以列出具体是第几个版本。<strong>&#xff08;推荐&#xff1a;</strong><a href=\"https://www.php.cn/linux.html\" target=\"_blank\" rel=\"noopener noreferrer\"><strong>linux使用教程</strong></a><strong>&#xff09;</strong></p>\n <p><strong>2、cat /etc/redhat-release &amp;&amp; cat /etc/lsb-release</strong></p>\n <p>radhat或centos存在&#xff1a; /etc/redhat-release 这个文件【 命令 cat /etc/redhat-release 】</p>\n <p>ubuntu存在 : /etc/lsb-release 这个文件 【命令 cat etc/lsb-release 】</p>\n <p><strong>3、apt-get &amp;&amp; yum</strong></p>\n <p>有yum的就是Centos【yum -help】</p>\n <p>有apt-get的就是Ubuntu 【apt-get -help】</p>\n <p><strong>4、cat /etc/issue</strong></p>\n <p>有Ubuntu字样为ubuntu&#xff0c;没有则是centos</p>\n <p>以上就是查看linux是centos还是ubuntu的方法的详细内容&#xff0c;更多请关注php中文网其它相关文章&#xff01; </p>\n</div>\n                </div>\n                <link href=\"https://csdnimg.cn/release/blogv2/dist/mdeditor/css/editerView/markdown_views-3fd7f7a902.css\" rel=\"stylesheet\">\n                <link href=\"https://csdnimg.cn/release/blogv2/dist/mdeditor/css/style-49037e4d27.css\" rel=\"stylesheet\">\n        </div>\n        <div id=\"treeSkill\"></div>\n<div id=\"marketingBox\" class=\"marketing-box\">\n  <div class=\"marketing-content\">\n    <a class=\"marketing-content-card\" href=\"https://mp.csdn.net/activity/newclock?utm_campaign=marketingcard&utm_source=yanbw&utm_content=122485374\" target=\"_blank\" data-report-click=\'{\"spm\":\"1001.2101.3001.7906\"}\' data-report-view=\'{\"spm\":\"1001.2101.3001.7906\"}\'>\n      <div class=\"marketing-content-card-l\">\n        <img src=\"https://img-blog.csdnimg.cn/fce44ffe4f1f493b84f6e057060c9c93.png\" alt=\"\">\n      </div>\n      <div class=\"marketing-content-card-r\">\n        <div class=\"marketing-content-card-rt\">\n          <span class=\"text\">创作打卡挑战赛</span>\n          <img src=\"https://csdnimg.cn/release/blogv2/dist/components/img/iconArrowLeftWhite.png\" alt=\"\">\n        </div>\n        <div class=\"marketing-content-card-rb\">赢取流量/现金/CSDN周边激励大奖</div>\n      </div>\n    </a>\n  </div>\n</div>\n    </article>','2018-09-05 10:12:36',14,'ysNWsnHoG8p2EGzEXKvaCj'),('85rUgqpqsuA4wABw9yv88Z','45天带你玩转Node（第二天）走进Node.js',' <article class=\"baidu_pl\">\n        <div id=\"article_content\" class=\"article_content clearfix\">\n        <link rel=\"stylesheet\" href=\"https://csdnimg.cn/release/blogv2/dist/mdeditor/css/editerView/ck_htmledit_views-163de54645.css\">\n                <div id=\"content_views\" class=\"markdown_views prism-tomorrow-night\">\n                    <svg xmlns=\"http://www.w3.org/2000/svg\" style=\"display: none;\">\n                        <path stroke-linecap=\"round\" d=\"M5,0 0,2.5 5,5z\" id=\"raphael-marker-block\" style=\"-webkit-tap-highlight-color: rgba(0, 0, 0, 0);\"></path>\n                    </svg>\n                    <p><strong>45天带你玩转Node</strong></p> \n<p>粉丝要求博主系统的写一篇关于Node.js的学习资料&#xff0c;但其实我们的Node.js知识点并不少&#xff0c;所以博主为大家搭建了一个专栏&#xff0c;为了方便大家系统的学习Node.js&#xff0c;大家记得订阅哦&#xff01;虽然我们的Node.js还很年轻&#xff0c;但是他也已经有了很高的地位&#xff0c;让我们尽情的畅游在Node.js的专栏中吧&#xff0c;希望通过此专栏我们能够系统的将Node.js学好&#xff0c;它将会成为我们的一大亮点&#xff0c;我们可以用这款前端中的后端语言让提升我们的价值与眼界&#xff0c;如今的他也已经成为面试官口中的高并发面试内容了&#xff0c;一起加油&#xff01;</p> \n<p><img src=\"https://img-blog.csdnimg.cn/9042227103414c7ba9bff38486179c10.png\" alt=\"在这里插入图片描述\" /></p> \n<p></p>\n<div class=\"toc\">\n <h3>走进Node.js</h3>\n <ul><li><ul><li><a href=\"#V8_JavaScript__8\">V8 JavaScript 引擎</a></li><li><a href=\"#JS_21\">其他的JS引擎</a></li><li><a href=\"#_32\">追求性能</a></li><li><a href=\"#_44\">编译</a></li><li><a href=\"#_Nodejs__62\">运行 Node.js 脚本</a></li><li><a href=\"#_101\">总结</a></li></ul>\n </li></ul>\n</div>\n<p></p> \n<h2><a id=\"V8_JavaScript__8\"></a>V8 JavaScript 引擎</h2> \n<p>我们都知道⼏乎所有现代主流浏览器都全⾯⽀持了ECMAScript 5.1版标准&#xff0c;⽽JavaScript的标准是。那么我们就容易认为JavaScript是⼀种浏览器端的解释型编程脚本。那么脱离了浏览器&#xff0c;JavaScript还能够解释运⾏吗&#xff1f;答案是肯定的&#xff0c;也就是说脱离了浏览器&#xff0c;在特定环境下JavaScript还是能运⾏的。JavaScript向来以Web⽹页的脚本语⾔⽽著称&#xff0c;但现在也可以&#xff0c;例如或者。我们都知道⼏乎所有现代主流浏览器都全⾯⽀持了ECMAScript 5.1版标准&#xff0c;⽽JavaScript的标准是。那么我们就容易认为JavaScript是⼀种浏览器端的解释型编程脚本。那么脱离了浏览器&#xff0c;JavaScript还能够解释运⾏吗&#xff1f;<br /> 答案是肯定的&#xff0c;也就是说脱离了浏览器&#xff0c;在特定环境下JavaScript还是能运⾏的。JavaScript向来以Web⽹页的脚本语⾔⽽著称&#xff0c;但现在也可以&#xff0c;例如或者。本⽂就是基于NodeJS来进⾏探讨。</p> \n<p>V8 是驱动 Google Chrome 的 JavaScript 引擎的名称。 这是在使用 Chrome 浏览时获取我们的 JavaScript 并执行它的东西。<br /> V8 提供了 JavaScript 执行的运行时环境。 DOM 和其他 Web 平台 API 由浏览器提供。</p> \n<p>很酷的是 JavaScript 引擎独立于它所在的浏览器。 这个关键特性促成了 Node.js 的兴起。 早在 2009 年&#xff0c;V8 就被选为驱动 Node.js 的引擎&#xff0c;随着 Node.js 的流行&#xff0c;V8 成为现在为大量使用 JavaScript 编写的服务器端代码提供驱动的引擎。</p> \n<p>Node.js 生态系统非常庞大&#xff0c;这要归功于 V8&#xff0c;它还支持桌面应用程序&#xff0c;例如 Electron 等项目。</p> \n<h2><a id=\"JS_21\"></a>其他的JS引擎</h2> \n<ul><li>Firefox 具有 SpiderMonkey</li><li>Safari 具有 JavaScriptCore&#xff08;也称为 Nitro&#xff09;</li><li>Edge 最初基于 Chakra&#xff0c;但最近使用 Chromium 和 V8 引擎重建。</li></ul> \n<p>还有许多其他的存在。</p> \n<p>所有这些引擎都实现了 ECMA ES-262 标准&#xff0c;也称为 ECMAScript&#xff08;JavaScript 使用的标准&#xff09;。</p> \n<h2><a id=\"_32\"></a>追求性能</h2> \n<p>V8 是用 C&#43;&#43; 编写的&#xff0c;并且在不断改进。 它是可移植的&#xff0c;可以在 Mac、Windows、Linux 和其他几个系统上运行。</p> \n<p>在此 V8 介绍中&#xff0c;我们将忽略 V8 的实现细节&#xff1a;它们可以在更权威的网站上找到&#xff08;例如 V8 官方网站&#xff09;&#xff0c;它们经常会从根本上随着时间的推移而变化。</p> \n<p>V8 一直在发展&#xff0c;就像周围的其他 JavaScript 引擎一样&#xff0c;以加速 Web 和 Node.js 生态系统。</p> \n<p>在 web 上&#xff0c;性能竞赛已经持续了多年&#xff0c;我们&#xff08;作为用户和开发人员&#xff09;从这场竞争中受益匪浅&#xff0c;因为我们年复一年地获得更快、更优化的机器。</p> \n<h2><a id=\"_44\"></a>编译</h2> \n<p>JavaScript 通常被认为是一门解释型语言&#xff0c;但是现代的 JavaScript 引擎不再只是解释 JavaScript&#xff0c;它们会编译它。</p> \n<p>这从 2009 年开始发生&#xff0c;当时 SpiderMonkey JavaScript 编译器被添加到 Firefox 3.5 中&#xff0c;所有人都遵循这个想法。</p> \n<p>JavaScript 由 V8 在内部使用即时 (JIT) 编译以加快执行速度。</p> \n<p>这可能看起来有悖常理&#xff0c;但自从 2004 年 Google 地图推出以来&#xff0c;JavaScript 已经从一门通常执行几十行代码的语言发展为在浏览器中运行数千到数十万行代码的完整应用程序。</p> \n<p>我们的应用程序现在可以在浏览器中运行数小时&#xff0c;而不仅仅是一些表单验证规则或简单的脚本。</p> \n<p>在这个新世界中&#xff0c;编译 JavaScript 非常有意义&#xff0c;因为虽然准备好 JavaScript 可能需要更多时间&#xff0c;但是一旦完成&#xff0c;它将比纯粹的解释型代码性能更高。</p> \n<h2><a id=\"_Nodejs__62\"></a>运行 Node.js 脚本</h2> \n<p>运行 Node.js 程序的常用方法是&#xff0c;运行全局可用的命令 node&#xff08;安装 Node.js 之后&#xff09;并且传入您要执行的文件的名称。</p> \n<p>如果您的 Node.js 主应用程序文件是 app.js&#xff0c;则您可以通过键入以下来调用它&#xff1a;</p> \n<pre><code>node app.js\n</code></pre> \n<p>以上&#xff0c;你显式地告诉 shell 使用 node 运行你的脚本。 您也可以使用 “shebang” 行将此信息嵌入到 JavaScript 文件中。 “shebang” 是文件的第一行&#xff0c;它告诉操作系统使用哪个解释器来运行脚本。 以下是 JavaScript 的第一行</p> \n<pre><code>#!/usr/bin/node\n</code></pre> \n<p>以上&#xff0c;我们显式地给出了解释器的绝对路径。 并非所有操作系统的 bin 文件夹中都有 node&#xff0c;但都应该有 env。 您可以告诉操作系统使用 node 为参数运行 env&#xff1a;</p> \n<pre><code>#!/usr/bin/env node\n\n// 你的代码\n</code></pre> \n<p>要使用 shebang&#xff0c;您的文件应该具有可执行权限。 您可以通过运行以下赋予 app.js 可执行权限&#xff1a;</p> \n<pre><code>chmod u&#43;x app.js\n</code></pre> \n<p>当运行命令时&#xff0c;请确保您位于包含 app.js 文件的同一目录中。</p> \n<h2><a id=\"_101\"></a>总结</h2> \n<p>本篇文章大部分也都是一些按照官网总结的理论内容&#xff0c;主要就是让大家对Node.js有基本的了解&#xff0c;了解我们V8、了解我们的Node优势&#xff0c;下一节我们就为大家带来我们Node的实操内容了哦&#xff01;&#xff01;&#xff01;我们下篇见。</p>\n                </div>\n                <link href=\"https://csdnimg.cn/release/blogv2/dist/mdeditor/css/editerView/markdown_views-3fd7f7a902.css\" rel=\"stylesheet\">\n                <link href=\"https://csdnimg.cn/release/blogv2/dist/mdeditor/css/style-49037e4d27.css\" rel=\"stylesheet\">\n        </div>\n        <div id=\"treeSkill\"></div>\n        <div id=\"blogExtensionBox\" style=\"width:400px;margin:auto;margin-top:12px\" class=\"blog-extension-box\"></div>\n<div id=\"marketingBox\" class=\"marketing-box\">\n  <div class=\"marketing-content\">\n    <a class=\"marketing-content-card\" href=\"https://mp.csdn.net/activity/newclock?utm_campaign=marketingcard&utm_source=JHXL_&utm_content=124676784\" target=\"_blank\" data-report-click=\'{\"spm\":\"1001.2101.3001.7906\"}\' data-report-view=\'{\"spm\":\"1001.2101.3001.7906\"}\'>\n      <div class=\"marketing-content-card-l\">\n        <img src=\"https://img-blog.csdnimg.cn/fce44ffe4f1f493b84f6e057060c9c93.png\" alt=\"\">\n      </div>\n      <div class=\"marketing-content-card-r\">\n        <div class=\"marketing-content-card-rt\">\n          <span class=\"text\">创作打卡挑战赛</span>\n          <img src=\"https://csdnimg.cn/release/blogv2/dist/components/img/iconArrowLeftBlack.png\" alt=\"\">\n        </div>\n        <div class=\"marketing-content-card-rb\">赢取流量/现金/CSDN周边激励大奖</div>\n      </div>\n    </a>\n  </div>\n</div>\n    </article>','2022-05-09 21:12:44',10,'fphwn7akrsbyD3u5eUZA7i'),('8AedYg4CiGhdytzc4nTEmc','我只写注释 —— 让Ai写代码','<article class=\"baidu_pl\">\n        <div id=\"article_content\" class=\"article_content clearfix\">\n        <link rel=\"stylesheet\" href=\"https://csdnimg.cn/release/blogv2/dist/mdeditor/css/editerView/ck_htmledit_views-163de54645.css\">\n                <div id=\"content_views\" class=\"htmledit_views\">\n                    <p><img alt=\"\" height=\"20\" src=\"https://img-blog.csdnimg.cn/9a69fede8b2044a79dd834e3e48f20b4.png\" width=\"20\" />前期回顾    <img alt=\"\" height=\"80\" src=\"https://img-blog.csdnimg.cn/89a5d93bcce94f7cbe42539567637cb3.gif\" width=\"80\" /></p> \n<p><a class=\"has-card\" href=\"https://blog.csdn.net/m0_57904695/article/details/123881330\" title=\"Vue项目实战 —— 哔哩哔哩移动端开发—— 第二篇_0.活在风浪里的博客-CSDN博客\"><span class=\"link-card-box\"><span class=\"link-title\">Vue项目实战 —— 哔哩哔哩移动端开发—— 第二篇_0.活在风浪里的博客-CSDN博客</span><span class=\"link-link\"><img alt=\"\" class=\"link-link-icon\" src=\"https://csdnimg.cn/release/blog_editor_html/release2.0.8/ckeditor/plugins/CsdnLink/icons/icon-default.png?t&#61;M276\" />https://blog.csdn.net/m0_57904695/article/details/123881330</span></span></a></p> \n<hr />\n<p>       它很强&#xff0c;提示强&#xff0c;代码风格强&#xff0c;内容多&#xff0c;小明&#xff1a;“怎么说&#xff0c;你举个例子吧”。行&#xff0c;念及此&#xff01;</p> \n<p>     例如你写了上文的倒计时注释或函数封装&#xff0c;但是没调用&#xff0c;当你用到这里直接灰色文字提示&#xff0c;你只需要按下tab,自动补充&#xff0c;不仅如此&#xff0c;你的调用它帮你完成&#xff0c;就连wacth监听或是要在mounted调用它也会提示你&#xff0c;一句话Ai会将你需要的代码和注释提示于你&#xff0c;和你需要用的重合度极高 极高</p> \n<p><img alt=\"\" height=\"512\" src=\"https://img-blog.csdnimg.cn/c2d2ecfefca546658e15731e92fd8036.png?x-oss-process&#61;image/watermark,type_d3F5LXplbmhlaQ,shadow_50,text_Q1NETiBAMC7mtLvlnKjpo47mtarph4w&#61;,size_20,color_FFFFFF,t_70,g_se,x_16\" width=\"1200\" /></p> \n<p> </p> \n<p>在vsCode中下载 <span style=\"background-color:#f3f3f4;\">copilot </span></p> \n<p><img alt=\"\" height=\"318\" src=\"https://img-blog.csdnimg.cn/25c89f129bb44ba59ba21f044197ec50.png?x-oss-process&#61;image/watermark,type_d3F5LXplbmhlaQ,shadow_50,text_Q1NETiBAMC7mtLvlnKjpo47mtarph4w&#61;,size_19,color_FFFFFF,t_70,g_se,x_16\" width=\"257\" /></p> \n<p> 注册账号&#xff0c;官网<a href=\"https://copilot.github.com/\" title=\"GitHub Copilot · Your AI pair programmer\">GitHub Copilot · Your AI pair programmer</a></p> \n<p>利用页面翻译软件</p> \n<p><img alt=\"\" height=\"1200\" src=\"https://img-blog.csdnimg.cn/0a4e8c2ebf814ede88acba29cd1b6921.png?x-oss-process&#61;image/watermark,type_d3F5LXplbmhlaQ,shadow_50,text_Q1NETiBAMC7mtLvlnKjpo47mtarph4w&#61;,size_20,color_FFFFFF,t_70,g_se,x_16\" width=\"1200\" /></p> \n<p>等待开通 通知 </p> \n<p><img alt=\"\" height=\"1200\" src=\"https://img-blog.csdnimg.cn/56e7aa341445414281f087dc2af029b9.png?x-oss-process&#61;image/watermark,type_d3F5LXplbmhlaQ,shadow_50,text_Q1NETiBAMC7mtLvlnKjpo47mtarph4w&#61;,size_20,color_FFFFFF,t_70,g_se,x_16\" width=\"1200\" /></p> \n<p>应该1-2天时间就会开通&#xff0c;具体时间不知&#xff0c;耐心等候内侧通知&#xff0c;可以再次点击官网去查看&#xff0c;出现如下就可以拉取代码&#xff0c;之后就可以使用 <span style=\"background-color:#f3f3f4;\">copilot </span>了</p> \n<p><img alt=\"\" height=\"1200\" src=\"https://img-blog.csdnimg.cn/479b018dd9e4476091030b85a5a0a0f1.png?x-oss-process&#61;image/watermark,type_d3F5LXplbmhlaQ,shadow_50,text_Q1NETiBAMC7mtLvlnKjpo47mtarph4w&#61;,size_20,color_FFFFFF,t_70,g_se,x_16\" width=\"1200\" /></p> \n<p> <img alt=\"\" height=\"1200\" src=\"https://img-blog.csdnimg.cn/ff62945cfb4c472db95f7638652e7bee.png?x-oss-process&#61;image/watermark,type_d3F5LXplbmhlaQ,shadow_50,text_Q1NETiBAMC7mtLvlnKjpo47mtarph4w&#61;,size_20,color_FFFFFF,t_70,g_se,x_16\" width=\"1200\" /></p> \n<p> <img alt=\"\" height=\"544\" src=\"https://img-blog.csdnimg.cn/e08f0b5c58b2477e9bf72cda498dcfce.png?x-oss-process&#61;image/watermark,type_d3F5LXplbmhlaQ,shadow_50,text_Q1NETiBAMC7mtLvlnKjpo47mtarph4w&#61;,size_20,color_FFFFFF,t_70,g_se,x_16\" width=\"1200\" /></p> \n<h1>这是我写的倒计时源码&#xff0c;小伙伴可以去试试</h1> \n<pre><code class=\"language-javascript\">&lt;template&gt;\n    &lt;div class&#61;&#34;login&#34;&gt;\n        &lt;el-input v-model&#61;&#34;phone&#34; :suffix-icon&#61;&#34;icon&#34; class&#61;&#34;inp&#34;&gt;&lt;/el-input&gt;\n        &lt;el-button type&#61;&#34;primary&#34; v-if&#61;&#34;flag&#34; &#64;click&#61;&#34;getCode&#34; :disabled&#61;&#34;dis&#34;&gt;获取验证码&lt;/el-button&gt;\n        &lt;span v-else&gt;获取验证码还有{<!-- -->{ num }}秒&lt;/span&gt;\n    &lt;/div&gt;\n&lt;/template&gt;\n\n&lt;script&gt;\nexport default {\n    data() {\n        return {\n            phone: &#34;&#34;,\n            num: 5,\n            flag: true,//按钮和验证码的切换条件\n            icon: &#39;el-icon-close&#39;,\n            dis: true\n        };\n    },\n    methods: {\n        getCode() {\n            this.flag &#61; false\n            let timer &#61; null;//每次点击都会先赋值成null&#xff0c;防止用户快速多次点击&#xff0c;造成\n            //定时器队列\n            timer &#61; setInterval(() &#61;&gt; {\n                //点击按钮如果num大于等于1就--&#xff0c;\n                if (this.num &gt;&#61; 1) {\n                    this.num--;\n                } else {//点击按钮如果没有大于等于1&#xff0c;说明小于1&#xff0c;就恢复成按钮状态\n                    clearInterval(timer);\n                    this.flag &#61; true;// 时间小于5秒&#xff0c;按钮变成可点击状态          \n                }\n            }, 1000);\n        },\n        phoneReg() {\n            let reg &#61; /^(?:(?:\\&#43;|00)86)?1(?:(?:3[\\d])|(?:4[5-79])|(?:5[0-35-9])|(?:6[5-7])|(?:7[0-8])|(?:8[\\d])|(?:9[189]))\\d{8}$/\n            if (reg.test(this.phone)) {\n                this.icon &#61; &#39;el-icon-check&#39;\n                this.dis &#61; false\n            } else {\n                this.icon &#61; &#39;el-icon-close&#39;\n                this.dis &#61; true\n            }\n        }\n\n    },\n    \n    watch: {\n        phone: {\n            // deep: true,\n            // immediate: true,\n            handler(newVal, oldVal) {\n                // 其实将phoneReg这个函数直接写在这里也可以&#xff0c;\n                // 但是为了结构更加清晰&#xff0c;尽量的将逻辑抽离&#xff0c;这样一眼明了&#xff01;\n                this.phoneReg()\n            },\n        },\n    },\n\n\n    \n\n\n};\n&lt;/script&gt;\n\n&lt;style lang&#61;&#34;scss&#34; scoped&gt;\n.login {\n    padding: 15px;\n    /deep/ .el-input__inner {\n        height: 50px;\n        border-radius: 5px;\n    }\n    /deep/ .el-input {\n        width: 400px;\n        margin: 15px;\n    }\n    /deep/ .el-icon-check {\n        color: green;\n        font-size: 25px;\n        line-height: 50px;\n    }\n    /deep/ .el-icon-close:before {\n        font-size: 25px;\n        color: red;\n        line-height: 50px;\n    }\n}\n&lt;/style&gt;\n</code></pre> \n<h1>结语&#xff1a;</h1> \n<p>祝大家越来越好 </p>\n                </div>\n        </div>\n        <div id=\"treeSkill\"></div>\n<div id=\"marketingBox\" class=\"marketing-box\">\n  <div class=\"marketing-content\">\n    <a class=\"marketing-content-card\" href=\"https://mp.csdn.net/activity/newclock?utm_campaign=marketingcard&utm_source=m0_57904695&utm_content=123935998\" target=\"_blank\" data-report-click=\'{\"spm\":\"1001.2101.3001.7906\"}\' data-report-view=\'{\"spm\":\"1001.2101.3001.7906\"}\'>\n      <div class=\"marketing-content-card-l\">\n        <img src=\"https://img-blog.csdnimg.cn/fce44ffe4f1f493b84f6e057060c9c93.png\" alt=\"\">\n      </div>\n      <div class=\"marketing-content-card-r\">\n        <div class=\"marketing-content-card-rt\">\n          <span class=\"text\">创作打卡挑战赛</span>\n          <img src=\"https://csdnimg.cn/release/blogv2/dist/components/img/iconArrowLeftWhite.png\" alt=\"\">\n        </div>\n        <div class=\"marketing-content-card-rb\">赢取流量/现金/CSDN周边激励大奖</div>\n      </div>\n    </a>\n  </div>\n</div>\n    </article>','2018-09-10 16:13:26',15,'ysNWsnHoG8p2EGzEXKvaCj'),('9vvMtCh3QKevqyvg5vinuY','【微信小程序】制作个人信息页面','<article class=\"baidu_pl\">\n        <div id=\"article_content\" class=\"article_content clearfix\">\n        <link rel=\"stylesheet\" href=\"https://csdnimg.cn/release/blogv2/dist/mdeditor/css/editerView/ck_htmledit_views-163de54645.css\">\n                <div id=\"content_views\" class=\"markdown_views prism-atom-one-light\">\n                    <svg xmlns=\"http://www.w3.org/2000/svg\" style=\"display: none;\">\n                        <path stroke-linecap=\"round\" d=\"M5,0 0,2.5 5,5z\" id=\"raphael-marker-block\" style=\"-webkit-tap-highlight-color: rgba(0, 0, 0, 0);\"></path>\n                    </svg>\n                    <p>题外&#xff1a;<br /> <strong>也许前端学习也应包括审美</strong>。在我学习前端路上&#xff0c;以前模仿视频内容&#xff0c;现在模仿别人成品…我曾想过作为前端是不是也应学习UI设计方向的美术知识&#xff0c;再不济也应具备<strong>页面布局的审美</strong>。但这个想法被一位大佬否定了&#xff0c;所以这个想法也只好放在心里成为另一种可能。</p> \n<p><a href=\"https://blog.csdn.net/qq_44614026/article/details/90682421\">分享一个今天才学会的CSDN写文章的技巧~</a></p> \n<p>正题&#xff1a;</p> \n<p>先上成品图</p> \n<center>\n <img src=\"https://img-blog.csdnimg.cn/68473e7fcc19447fa08dbcbf84e3ad57.png\" width=\"30%\" /> \n</center>\n<h2><a id=\"1_12\"></a>1.架构</h2> \n<p>进行编程前&#xff0c;我们要<strong>架构</strong>。对整体项目叫架构&#xff0c;对一个页面而言不如说叫<strong>整理思路</strong></p> \n<p>以本图为例&#xff0c;除去底部 <a href=\"https://developers.weixin.qq.com/miniprogram/dev/reference/configuration/app.html#%E9%85%8D%E7%BD%AE%E9%A1%B9\">tabBar</a>&#xff0c;头部 <a href=\"https://developers.weixin.qq.com/miniprogram/dev/reference/configuration/app.html#%E9%85%8D%E7%BD%AE%E9%A1%B9\">navigationStyle</a> 是小程序特有<strong>配置</strong>&#xff0c;其他都是“前端三剑客”的基础内容。</p> \n<p>于是可以简单的划分为两部分&#xff1a;</p> \n<ol><li>蓝色背景区域</li><li>白色主体区域</li></ol> \n<p>思维导图附上&#xff1a;</p> \n<center>\n <img src=\"https://img-blog.csdnimg.cn/13542d4b001844a983f01a44f7ee21ff.png\" width=\"60%\" /> \n</center>\n<blockquote> \n <p>注意&#xff1a;开发时绝对定位尽量少用。</p> \n</blockquote> \n<h2><a id=\"2_28\"></a>2.编程</h2> \n<p><strong>前排提示</strong>&#xff1a;代码可以复制到 VScode 看的舒服很多</p> \n<p>第一步&#xff1a;根据架构写出布局</p> \n<pre><code class=\"prism language-html\"><span class=\"token tag\"><span class=\"token tag\"><span class=\"token punctuation\">&lt;</span>view</span> <span class=\"token attr-name\">class</span><span class=\"token attr-value\"><span class=\"token punctuation attr-equals\">&#61;</span><span class=\"token punctuation\">&#34;</span>partOne<span class=\"token punctuation\">&#34;</span></span><span class=\"token punctuation\">&gt;</span></span>\n  <span class=\"token tag\"><span class=\"token tag\"><span class=\"token punctuation\">&lt;</span>view</span> <span class=\"token attr-name\">class</span><span class=\"token attr-value\"><span class=\"token punctuation attr-equals\">&#61;</span><span class=\"token punctuation\">&#34;</span>userInfo<span class=\"token punctuation\">&#34;</span></span><span class=\"token punctuation\">&gt;</span></span><span class=\"token tag\"><span class=\"token tag\"><span class=\"token punctuation\">&lt;/</span>view</span><span class=\"token punctuation\">&gt;</span></span>\n  <span class=\"token tag\"><span class=\"token tag\"><span class=\"token punctuation\">&lt;</span>view</span> <span class=\"token attr-name\">class</span><span class=\"token attr-value\"><span class=\"token punctuation attr-equals\">&#61;</span><span class=\"token punctuation\">&#34;</span>positiveAbsolute<span class=\"token punctuation\">&#34;</span></span><span class=\"token punctuation\">&gt;</span></span><span class=\"token tag\"><span class=\"token tag\"><span class=\"token punctuation\">&lt;/</span>view</span><span class=\"token punctuation\">&gt;</span></span>\n<span class=\"token tag\"><span class=\"token tag\"><span class=\"token punctuation\">&lt;/</span>view</span><span class=\"token punctuation\">&gt;</span></span>\n\n\n<span class=\"token tag\"><span class=\"token tag\"><span class=\"token punctuation\">&lt;</span>view</span> <span class=\"token attr-name\">class</span><span class=\"token attr-value\"><span class=\"token punctuation attr-equals\">&#61;</span><span class=\"token punctuation\">&#34;</span>partTwo<span class=\"token punctuation\">&#34;</span></span><span class=\"token punctuation\">&gt;</span></span>\n\n<span class=\"token tag\"><span class=\"token tag\"><span class=\"token punctuation\">&lt;/</span>view</span><span class=\"token punctuation\">&gt;</span></span>\n</code></pre> \n<p>第二步&#xff1a;分析盒子内具体内容</p> \n<pre><code class=\"prism language-html\"><span class=\"token tag\"><span class=\"token tag\"><span class=\"token punctuation\">&lt;</span>view</span> <span class=\"token attr-name\">class</span><span class=\"token attr-value\"><span class=\"token punctuation attr-equals\">&#61;</span><span class=\"token punctuation\">&#34;</span>partOne<span class=\"token punctuation\">&#34;</span></span><span class=\"token punctuation\">&gt;</span></span>\n  <span class=\"token tag\"><span class=\"token tag\"><span class=\"token punctuation\">&lt;</span>view</span> <span class=\"token attr-name\">class</span><span class=\"token attr-value\"><span class=\"token punctuation attr-equals\">&#61;</span><span class=\"token punctuation\">&#34;</span>userInfo<span class=\"token punctuation\">&#34;</span></span><span class=\"token punctuation\">&gt;</span></span>\n    <span class=\"token comment\">&lt;!-- 头像区域 --&gt;</span>\n    <span class=\"token tag\"><span class=\"token tag\"><span class=\"token punctuation\">&lt;</span>view</span> <span class=\"token attr-name\">class</span><span class=\"token attr-value\"><span class=\"token punctuation attr-equals\">&#61;</span><span class=\"token punctuation\">&#34;</span>avatar<span class=\"token punctuation\">&#34;</span></span><span class=\"token punctuation\">&gt;</span></span>\n      <span class=\"token comment\">&lt;!-- open-data 翻文档 --&gt;</span>\n      <span class=\"token tag\"><span class=\"token tag\"><span class=\"token punctuation\">&lt;</span>open-data</span> <span class=\"token attr-name\">type</span><span class=\"token attr-value\"><span class=\"token punctuation attr-equals\">&#61;</span><span class=\"token punctuation\">&#34;</span>userAvatarUrl<span class=\"token punctuation\">&#34;</span></span><span class=\"token punctuation\">&gt;</span></span><span class=\"token tag\"><span class=\"token tag\"><span class=\"token punctuation\">&lt;/</span>open-data</span><span class=\"token punctuation\">&gt;</span></span>\n    <span class=\"token tag\"><span class=\"token tag\"><span class=\"token punctuation\">&lt;/</span>view</span><span class=\"token punctuation\">&gt;</span></span>\n    <span class=\"token comment\">&lt;!-- 文本区域 --&gt;</span>\n    <span class=\"token tag\"><span class=\"token tag\"><span class=\"token punctuation\">&lt;</span>view</span> <span class=\"token attr-name\">class</span><span class=\"token attr-value\"><span class=\"token punctuation attr-equals\">&#61;</span><span class=\"token punctuation\">&#34;</span>info<span class=\"token punctuation\">&#34;</span></span><span class=\"token punctuation\">&gt;</span></span>\n      <span class=\"token comment\">&lt;!-- 用户名 --&gt;</span>\n      <span class=\"token tag\"><span class=\"token tag\"><span class=\"token punctuation\">&lt;</span>text</span> <span class=\"token attr-name\">class</span><span class=\"token attr-value\"><span class=\"token punctuation attr-equals\">&#61;</span><span class=\"token punctuation\">&#34;</span>name<span class=\"token punctuation\">&#34;</span></span><span class=\"token punctuation\">&gt;</span></span>\n        <span class=\"token tag\"><span class=\"token tag\"><span class=\"token punctuation\">&lt;</span>open-data</span> <span class=\"token attr-name\">type</span><span class=\"token attr-value\"><span class=\"token punctuation attr-equals\">&#61;</span><span class=\"token punctuation\">&#34;</span>userNickName<span class=\"token punctuation\">&#34;</span></span><span class=\"token punctuation\">&gt;</span></span><span class=\"token tag\"><span class=\"token tag\"><span class=\"token punctuation\">&lt;/</span>open-data</span><span class=\"token punctuation\">&gt;</span></span>\n      <span class=\"token tag\"><span class=\"token tag\"><span class=\"token punctuation\">&lt;/</span>text</span><span class=\"token punctuation\">&gt;</span></span>\n      <span class=\"token comment\">&lt;!-- 学院 --&gt;</span>\n      <span class=\"token tag\"><span class=\"token tag\"><span class=\"token punctuation\">&lt;</span>text</span> <span class=\"token attr-name\">class</span><span class=\"token attr-value\"><span class=\"token punctuation attr-equals\">&#61;</span><span class=\"token punctuation\">&#34;</span>academy<span class=\"token punctuation\">&#34;</span></span><span class=\"token punctuation\">&gt;</span></span>\n        访客学院\n      <span class=\"token tag\"><span class=\"token tag\"><span class=\"token punctuation\">&lt;/</span>text</span><span class=\"token punctuation\">&gt;</span></span>\n    <span class=\"token tag\"><span class=\"token tag\"><span class=\"token punctuation\">&lt;/</span>view</span><span class=\"token punctuation\">&gt;</span></span>\n  <span class=\"token tag\"><span class=\"token tag\"><span class=\"token punctuation\">&lt;/</span>view</span><span class=\"token punctuation\">&gt;</span></span>\n</code></pre> \n<p>第三步&#xff1a;写CSS样式&#xff0c;通常我会第二步第三步同时进行</p> \n<blockquote> \n <p>CSS基础我也很菜&#xff0c;而且实现的方式很多&#xff0c;提示一下 不多赘述。</p> \n <ol><li>子绝父相</li><li>margin - left</li><li>用 line - height 撑开盒子高度&#xff0c;而不是给盒子设置高度</li><li>justify - content : space - betweem 了解下它的全部值</li></ol> \n</blockquote>\n                </div>\n                <link href=\"https://csdnimg.cn/release/blogv2/dist/mdeditor/css/editerView/markdown_views-3fd7f7a902.css\" rel=\"stylesheet\">\n                <link href=\"https://csdnimg.cn/release/blogv2/dist/mdeditor/css/style-49037e4d27.css\" rel=\"stylesheet\">\n        </div>\n        <div id=\"treeSkill\"></div>\n<div id=\"marketingBox\" class=\"marketing-box\">\n  <div class=\"marketing-content\">\n    <a class=\"marketing-content-card\" href=\"https://mp.csdn.net/activity/newclock?utm_campaign=marketingcard&utm_source=MinfCONS&utm_content=121150230\" target=\"_blank\" data-report-click=\'{\"spm\":\"1001.2101.3001.7906\"}\' data-report-view=\'{\"spm\":\"1001.2101.3001.7906\"}\'>\n      <div class=\"marketing-content-card-l\">\n        <img src=\"https://img-blog.csdnimg.cn/fce44ffe4f1f493b84f6e057060c9c93.png\" alt=\"\">\n      </div>\n      <div class=\"marketing-content-card-r\">\n        <div class=\"marketing-content-card-rt\">\n          <span class=\"text\">创作打卡挑战赛</span>\n          <img src=\"https://csdnimg.cn/release/blogv2/dist/components/img/iconArrowLeftWhite.png\" alt=\"\">\n        </div>\n        <div class=\"marketing-content-card-rb\">赢取流量/现金/CSDN周边激励大奖</div>\n      </div>\n    </a>\n  </div>\n</div>\n    </article>','2018-09-15 20:31:36',24,'FNdFhqoMAjAnGH8sNJySXB'),('A2728FV98M7NnHcMzp7ZMA','Python语法进阶篇 - 76 - 正则表达式的综合小练习','<article class=\"baidu_pl\">\n        <div id=\"article_content\" class=\"article_content clearfix\">\n        <link rel=\"stylesheet\" href=\"https://csdnimg.cn/release/blogv2/dist/mdeditor/css/editerView/ck_htmledit_views-163de54645.css\">\n                <div id=\"content_views\" class=\"markdown_views prism-atom-one-light\">\n                    <svg xmlns=\"http://www.w3.org/2000/svg\" style=\"display: none;\">\n                        <path stroke-linecap=\"round\" d=\"M5,0 0,2.5 5,5z\" id=\"raphael-marker-block\" style=\"-webkit-tap-highlight-color: rgba(0, 0, 0, 0);\"></path>\n                    </svg>\n                    <table><thead><tr><th align=\"center\"><font color=\"red\">万叶集</font></th></tr></thead><tbody><tr><td align=\"center\"><font color=\"red\">&#x1f389; 隐约雷鸣&#xff0c;阴霾天空。 &#x1f389;</font></td></tr><tr><td align=\"center\"><font color=\"red\">&#x1f389; 但盼风雨来&#xff0c;能留你在此。 &#x1f389;</font></td></tr></tbody></table>\n<hr /> \n<blockquote> \n <p><strong>前言</strong>&#xff1a;<br /> ✌ 作者简介&#xff1a;<a href=\"https://blog.csdn.net/weixin_42250835?type&#61;blog\">渴望力量的哈士奇</a>&#xff0c;大家可以叫我 &#x1f436;哈士奇&#x1f436; 。(我真的有一只哈士奇)<br /> &#x1f3c6; <font color=\"red\" size=\"3\">CSDN博客专家认证、新星计划第三季全栈赛道 top_1 、华为云享专家、阿里云专家博主</font> &#x1f3c6;<br /> &#x1f4eb; 如果文章知识点有错误的地方&#xff0c;请指正&#xff01;和大家一起学习&#xff0c;一起进步&#x1f440;<br /> &#x1f4ac; 人生格言&#xff1a;优于别人,并不高贵,真正的高贵应该是优于过去的自己。&#x1f4ac;<br /> <font color=\"red\" size=\"3\">&#x1f525; 如果感觉博主的文章还不错的话&#xff0c;还请&#x1f44d;关注、点赞、收藏三连支持&#x1f44d;一下博主哦</font></p> \n <hr /> \n <p>&#x1f4d5; <font color=\"red\" size=\"3.5\">系列专栏&#xff1a;<br />                ⛽️ <a href=\"https://blog.csdn.net/weixin_42250835/category_11631906.html?spm&#61;1001.2014.3001.5482\">Python全栈系列 - [更新中]     【 本文在该系列】</a><br />                        &#x1f34e; <a href=\"https://blog.csdn.net/weixin_42250835/category_11631913.html\">Python零基础入门篇</a><br />                        &#x1f34e; <a href=\"https://blog.csdn.net/weixin_42250835/category_11631928.html\">Python语法进阶篇</a><br />                &#x1f44b; <a href=\"https://blog.csdn.net/weixin_42250835/category_11123904.html\">网安之路系列</a><br /> ​                       &#x1f34b; <a href=\"https://blog.csdn.net/weixin_42250835/category_11170008.html\">网安之路踩坑篇</a><br /> ​                       &#x1f34b; <a href=\"https://blog.csdn.net/weixin_42250835/category_11123907.html\">网安知识扫盲篇</a><br /> ​                       &#x1f34b; <a href=\"https://blog.csdn.net/weixin_42250835/category_11366695.html\">Vulhub 漏洞复现篇</a><br /> ​                       &#x1f34b; <a href=\"https://blog.csdn.net/weixin_42250835/category_11324653.html\">Shell脚本编程篇</a><br /> ​                       &#x1f34b; <a href=\"https://blog.csdn.net/weixin_42250835/category_11134620.html\">Web攻防篇   2021年9月3日停止更新&#xff0c;转战先知等安全社区</a><br /> ​                       &#x1f34b; <a href=\"https://blog.csdn.net/weixin_42250835/category_10675569.html\">渗透工具使用集锦  2021年9月3日停止更新,转战先知等安全社区</a><br /> ​                ⭐️ <a href=\"https://blog.csdn.net/weixin_42250835/category_11366983.html\">点点点工程师系列</a><br /> ​                       &#x1f379; <a href=\"https://blog.csdn.net/weixin_42250835/category_11563688.html\">测试神器 - Charles 篇</a><br /> ​                       &#x1f379; <a href=\"https://blog.csdn.net/weixin_42250835/category_11393389.html\">测试神器 - Fiddler 篇</a><br /> ​                       &#x1f379; <a href=\"https://blog.csdn.net/weixin_42250835/category_11393395.html\">测试神器 - Jmeter 篇</a><br /> ​                       &#x1f379; <a href=\"https://blog.csdn.net/weixin_42250835/category_11462996.html\">自动化 - RobotFrameWork 系列</a><br /> ​                       &#x1f379; <a href=\"https://blog.csdn.net/weixin_42250835/category_11411882.html\">自动化 - 基于 JAVA 实现的WEB端UI自动化</a><br />                        &#x1f379; <a href=\"\">自动化 - 基于 MonkeyRunner 实现的APP端UI自动化</a></font></p> \n</blockquote> \n<div align=\"center\">\n <img src=\"https://img-blog.csdnimg.cn/8eb971483af249a2bb06cc8f209a4755.gif\" width=\"1000\" />\n</div> \n<div align=\"center\">\n <img src=\"https://img-blog.csdnimg.cn/img_convert/aa13aab62f6d963c238c53217ca61f3d.gif\" width=\"1000\" />\n</div> \n<p>前面我们学习了正则表达式的基本用法、字符匹配、量词与组的概念&#xff0c;接下来就做一个综合性的练习吧。把之前学到的知识点全部过一遍&#xff0c;加深对正则的理解。吐槽一句 —&gt; 说实话&#xff0c;正则的这玩意儿&#xff0c;基本上属于学完就忘&#xff0c;用的时候还得学系列…</p> \n<blockquote> \n <p></p>\n <div class=\"toc\">\n  <h3>文章目录</h3>\n  <ul><li><ul><li><a href=\"#__url__59\">&#x1f433; 匹配网址 url 的小练习</a></li><li><a href=\"#__124\">&#x1f433; 匹配邮箱地址的小练习</a></li><li><a href=\"#__151\">&#x1f433; 获取前端代码内容的练习</a></li></ul>\n  </li></ul>\n </div>\n <p></p> \n</blockquote> \n<hr /> \n<h2><a id=\"__url__59\"></a>&#x1f433; 匹配网址 url 的小练习</h2> \n<blockquote> \n <p>定义一个函数&#xff0c;判断 url 是否是一个正常的地址。</p> \n <p>定义一个函数&#xff0c;只获取 url 的域名部分</p> \n</blockquote> \n<pre><code class=\"prism language-python\"><span class=\"token keyword\">import</span> re\n\n\nurl_ture <span class=\"token operator\">&#61;</span> <span class=\"token string\">&#34;https://www.csdn.net/&#34;</span>\nurl_false <span class=\"token operator\">&#61;</span> <span class=\"token string\">&#34;ftp://110.110.110.110:8080&#34;</span>\n\n<span class=\"token keyword\">def</span> <span class=\"token function\">check_url</span><span class=\"token punctuation\">(</span>url<span class=\"token punctuation\">)</span><span class=\"token punctuation\">:</span>\n    result <span class=\"token operator\">&#61;</span> re<span class=\"token punctuation\">.</span>findall<span class=\"token punctuation\">(</span><span class=\"token string\">&#39;[a-zA-z]{4,5}://\\w*\\.*\\w&#43;\\.\\w&#43;&#39;</span><span class=\"token punctuation\">,</span> url<span class=\"token punctuation\">)</span>\n\n    <span class=\"token keyword\">if</span> <span class=\"token keyword\">not</span> <span class=\"token builtin\">len</span><span class=\"token punctuation\">(</span>result<span class=\"token punctuation\">)</span> <span class=\"token operator\">&#61;&#61;</span> <span class=\"token number\">0</span><span class=\"token punctuation\">:</span>\n        <span class=\"token keyword\">return</span> <span class=\"token string\">&#39;url 是一个合法的网站地址&#39;</span>\n    <span class=\"token keyword\">else</span><span class=\"token punctuation\">:</span>\n        <span class=\"token keyword\">return</span> <span class=\"token string\">&#39;url 是一个不合法的网站地址&#39;</span>\n\n\n<span class=\"token keyword\">def</span> <span class=\"token function\">get_url</span><span class=\"token punctuation\">(</span>url<span class=\"token punctuation\">)</span><span class=\"token punctuation\">:</span>\n    result <span class=\"token operator\">&#61;</span> re<span class=\"token punctuation\">.</span>findall<span class=\"token punctuation\">(</span><span class=\"token string\">&#39;https://(\\w*\\.*\\w&#43;\\.\\w&#43;)&#39;</span><span class=\"token punctuation\">,</span> url<span class=\"token punctuation\">)</span>\n\n    <span class=\"token keyword\">if</span> <span class=\"token keyword\">not</span> <span class=\"token builtin\">len</span><span class=\"token punctuation\">(</span>result<span class=\"token punctuation\">)</span> <span class=\"token operator\">&#61;&#61;</span> <span class=\"token number\">0</span><span class=\"token punctuation\">:</span>\n        <span class=\"token keyword\">return</span> result<span class=\"token punctuation\">[</span><span class=\"token number\">0</span><span class=\"token punctuation\">]</span>\n    <span class=\"token keyword\">else</span><span class=\"token punctuation\">:</span>\n        <span class=\"token keyword\">return</span> <span class=\"token punctuation\">[</span><span class=\"token punctuation\">]</span>\n\n\n\n<span class=\"token keyword\">if</span> __name__ <span class=\"token operator\">&#61;&#61;</span> <span class=\"token string\">&#39;__main__&#39;</span><span class=\"token punctuation\">:</span>\n    result_true <span class=\"token operator\">&#61;</span> check_url<span class=\"token punctuation\">(</span>url_ture<span class=\"token punctuation\">)</span>\n    <span class=\"token keyword\">print</span><span class=\"token punctuation\">(</span>result_true<span class=\"token punctuation\">)</span>\n    result_false <span class=\"token operator\">&#61;</span> check_url<span class=\"token punctuation\">(</span>url_false<span class=\"token punctuation\">)</span>\n    <span class=\"token keyword\">print</span><span class=\"token punctuation\">(</span>result_false<span class=\"token punctuation\">)</span>\n\n    result_url_01 <span class=\"token operator\">&#61;</span> check_url<span class=\"token punctuation\">(</span><span class=\"token string\">&#34;http://csdn.com&#34;</span><span class=\"token punctuation\">)</span>\n    <span class=\"token keyword\">print</span><span class=\"token punctuation\">(</span>result_url_01<span class=\"token punctuation\">)</span>\n    result_url_02 <span class=\"token operator\">&#61;</span> check_url<span class=\"token punctuation\">(</span><span class=\"token string\">&#34;https://www.csdn.com&#34;</span><span class=\"token punctuation\">)</span>\n    <span class=\"token keyword\">print</span><span class=\"token punctuation\">(</span>result_url_02<span class=\"token punctuation\">)</span>\n\n    get_url_true <span class=\"token operator\">&#61;</span> get_url<span class=\"token punctuation\">(</span>url_ture<span class=\"token punctuation\">)</span>\n    <span class=\"token keyword\">print</span><span class=\"token punctuation\">(</span>get_url_true<span class=\"token punctuation\">)</span>\n    get_url_false <span class=\"token operator\">&#61;</span> get_url<span class=\"token punctuation\">(</span>url_false<span class=\"token punctuation\">)</span>\n    <span class=\"token keyword\">print</span><span class=\"token punctuation\">(</span>get_url_false<span class=\"token punctuation\">)</span>\n</code></pre> \n<p>执行结果如下&#xff1a;</p> \n<hr /> \n<div align=\"center\">\n <img src=\"https://s1.ax1x.com/2022/04/17/LURMND.png\" width=\"1000\" />\n</div> \n<hr /> \n<h2><a id=\"__124\"></a>&#x1f433; 匹配邮箱地址的小练习</h2> \n<blockquote> \n <p>定义一个函数&#xff0c;获取邮箱的地址。</p> \n</blockquote> \n<pre><code class=\"prism language-python\"><span class=\"token keyword\">import</span> re\n\n\nemail <span class=\"token operator\">&#61;</span> <span class=\"token string\">&#34;Neo&#64;protonmail.com&#34;</span>\n\n\n<span class=\"token keyword\">def</span> <span class=\"token function\">get_email</span><span class=\"token punctuation\">(</span>email<span class=\"token punctuation\">)</span><span class=\"token punctuation\">:</span>\n    <span class=\"token comment\"># result &#61; re.findall(&#39;[0-9a-zA-Z]&#43;&#64;[0-9a-zA-Z]&#43;\\.[a-zA-Z]&#43;&#39;, email)      # 这样写比较复杂&#xff0c;可以使用通配符</span>\n    result <span class=\"token operator\">&#61;</span> re<span class=\"token punctuation\">.</span>findall<span class=\"token punctuation\">(</span><span class=\"token string\">&#39;.&#43;&#64;.&#43;\\.[a-zA-Z]&#39;</span><span class=\"token punctuation\">,</span> email<span class=\"token punctuation\">)</span>\n    <span class=\"token keyword\">return</span> result\n\n\n<span class=\"token keyword\">if</span> __name__ <span class=\"token operator\">&#61;&#61;</span> <span class=\"token string\">&#39;__main__&#39;</span><span class=\"token punctuation\">:</span>\n    get_email <span class=\"token operator\">&#61;</span> get_email<span class=\"token punctuation\">(</span>email<span class=\"token punctuation\">)</span>\n    <span class=\"token keyword\">print</span><span class=\"token punctuation\">(</span>get_email<span class=\"token punctuation\">)</span>\n    \n<span class=\"token comment\"># &gt;&gt;&gt; 执行结果如下&#xff1a;</span>\n<span class=\"token comment\"># &gt;&gt;&gt; [&#39;Neo&#64;protonmail.com&#39;]</span>\n</code></pre> \n<h2><a id=\"__151\"></a>&#x1f433; 获取前端代码内容的练习</h2> \n<p>接下来做一个稍微复杂一些的练习&#xff1a;</p> \n<blockquote> \n <p>定义一个函数&#xff0c;获取一段前端代码中双引号包裹的内容。</p> \n <p>定义一个函数&#xff0c;获取该段前端代码中所有的双引号包裹的内容</p> \n</blockquote> \n<pre><code class=\"prism language-python\"><span class=\"token keyword\">import</span> re\n\n\nhtml <span class=\"token operator\">&#61;</span> <span class=\"token punctuation\">(</span><span class=\"token string\">&#39;&lt;div class&#61;&#34;s-top-nav&#34; style&#61;&#34;display:none;&#34;&gt;&#39;</span>\n        <span class=\"token string\">&#39;&lt;/div&gt;&lt;div class&#61;&#34;s-center-box&#34;&gt;&lt;/div&gt;&#39;</span><span class=\"token punctuation\">)</span>  <span class=\"token comment\"># 这是前端代码&#xff0c;暂时不用理解是什么意思</span>\n\n\n<span class=\"token keyword\">def</span> <span class=\"token function\">get_html_data</span><span class=\"token punctuation\">(</span>html<span class=\"token punctuation\">)</span><span class=\"token punctuation\">:</span>\n    re_g <span class=\"token operator\">&#61;</span> re<span class=\"token punctuation\">.</span><span class=\"token builtin\">compile</span><span class=\"token punctuation\">(</span><span class=\"token string\">&#39;style&#61;&#34;(.*?)&#34;&#39;</span><span class=\"token punctuation\">)</span>      <span class=\"token comment\"># 非贪婪模式获取 style 标签的内容</span>\n              <span class=\"token comment\"># compile 函数会将这个匹配规则的字符串变成一个匹配规则的对象。接下来我们只需要调用这个对象去传入被匹配的字符串就可以匹配出来相应的信息了。</span>\n    result <span class=\"token operator\">&#61;</span> re_g<span class=\"token punctuation\">.</span>findall<span class=\"token punctuation\">(</span>html<span class=\"token punctuation\">)</span>\n    <span class=\"token keyword\">return</span> result\n\n\n<span class=\"token keyword\">def</span> <span class=\"token function\">get_all_data_html</span><span class=\"token punctuation\">(</span>html<span class=\"token punctuation\">)</span><span class=\"token punctuation\">:</span>\n    re_g <span class=\"token operator\">&#61;</span> re<span class=\"token punctuation\">.</span><span class=\"token builtin\">compile</span><span class=\"token punctuation\">(</span><span class=\"token string\">&#39;&#61;&#34;(.&#43;?)&#34;&#39;</span><span class=\"token punctuation\">)</span>\n    result <span class=\"token operator\">&#61;</span> re_g<span class=\"token punctuation\">.</span>findall<span class=\"token punctuation\">(</span>html<span class=\"token punctuation\">)</span>\n    <span class=\"token keyword\">return</span> result\n\n\n<span class=\"token keyword\">if</span> __name__ <span class=\"token operator\">&#61;&#61;</span> <span class=\"token string\">&#39;__main__&#39;</span><span class=\"token punctuation\">:</span>\n    get_html_data <span class=\"token operator\">&#61;</span> get_html_data<span class=\"token punctuation\">(</span>html<span class=\"token punctuation\">)</span>\n    <span class=\"token keyword\">print</span><span class=\"token punctuation\">(</span>get_html_data<span class=\"token punctuation\">)</span>\n\n    get_all_data_html <span class=\"token operator\">&#61;</span> get_all_data_html<span class=\"token punctuation\">(</span>html<span class=\"token punctuation\">)</span>\n    <span class=\"token keyword\">print</span><span class=\"token punctuation\">(</span>get_all_data_html<span class=\"token punctuation\">)</span>\n    \n<span class=\"token comment\"># &gt;&gt;&gt; 执行结果如下&#xff1a;</span>\n<span class=\"token comment\"># &gt;&gt;&gt; [&#39;display:none;&#39;]</span>\n<span class=\"token comment\"># &gt;&gt;&gt; [&#39;s-top-nav&#39;, &#39;display:none;&#39;, &#39;s-center-box&#39;]</span>\n</code></pre> \n<p><code>通过获取前端代码标签内容的例子&#xff0c;我们可以看出&#xff0c;只要找到字符串的规律&#xff0c;通过这些规律去定义正则匹配的规则就可以拿到想要的信息。</code></p> \n<p>OK&#xff0c;今天的练习就到这里了&#xff0c;下一章节我们会正式的学习正则表达式模块以及它的函数。正则表达式最最核心最最重要的就是匹配的相关操作&#xff0c;这几个章节所使用的的 <code>findall</code> 与 <code>search</code> 函数就是常用的两个函数&#xff0c;以及其它函数的匹配规律都是完全相同的&#xff0c;只不过它们返回的值会存在着不同&#xff0c;或者说这些函数的使用场景存在着一定的区别&#xff0c;但是返回的结果几乎都是相同的&#xff0c;所以下一章节我们几种来为大家介绍这些函数。</p>\n                </div>\n                <link href=\"https://csdnimg.cn/release/blogv2/dist/mdeditor/css/editerView/markdown_views-3fd7f7a902.css\" rel=\"stylesheet\">\n                <link href=\"https://csdnimg.cn/release/blogv2/dist/mdeditor/css/style-49037e4d27.css\" rel=\"stylesheet\">\n        </div>\n        <div id=\"treeSkill\"></div>\n<div id=\"marketingBox\" class=\"marketing-box\">\n  <div class=\"marketing-content\">\n    <a class=\"marketing-content-card\" href=\"https://mp.csdn.net/activity/newclock?utm_campaign=marketingcard&utm_source=weixin_42250835&utm_content=124237132\" target=\"_blank\" data-report-click=\'{\"spm\":\"1001.2101.3001.7906\"}\' data-report-view=\'{\"spm\":\"1001.2101.3001.7906\"}\'>\n      <div class=\"marketing-content-card-l\">\n        <img src=\"https://img-blog.csdnimg.cn/fce44ffe4f1f493b84f6e057060c9c93.png\" alt=\"\">\n      </div>\n      <div class=\"marketing-content-card-r\">\n        <div class=\"marketing-content-card-rt\">\n          <span class=\"text\">创作打卡挑战赛</span>\n          <img src=\"https://csdnimg.cn/release/blogv2/dist/components/img/iconArrowLeftWhite.png\" alt=\"\">\n        </div>\n        <div class=\"marketing-content-card-rb\">赢取流量/现金/CSDN周边激励大奖</div>\n      </div>\n    </a>\n  </div>\n</div>\n    </article>','2018-09-05 10:35:52',9,'ysNWsnHoG8p2EGzEXKvaCj'),('aEi5Agz9bzm7coGNJK39fj','面试官：RocketMQ是什么，它有什么特性与使用场景？',' <article class=\"baidu_pl\">\n        <div id=\"article_content\" class=\"article_content clearfix\">\n        <link rel=\"stylesheet\" href=\"https://csdnimg.cn/release/blogv2/dist/mdeditor/css/editerView/ck_htmledit_views-163de54645.css\">\n                <div id=\"content_views\" class=\"markdown_views prism-atom-one-light\">\n                    <svg xmlns=\"http://www.w3.org/2000/svg\" style=\"display: none;\">\n                        <path stroke-linecap=\"round\" d=\"M5,0 0,2.5 5,5z\" id=\"raphael-marker-block\" style=\"-webkit-tap-highlight-color: rgba(0, 0, 0, 0);\"></path>\n                    </svg>\n                    <blockquote> \n <p>哈喽&#xff01;大家好&#xff0c;我是小奇&#xff0c;一位热爱分享的程序员<br /> 小奇打算以轻松幽默的对话方式来分享一些技术&#xff0c;如果你觉得通过小奇的文章学到了东西&#xff0c;那就给小奇一个赞吧<br /> 文章持续更新&#xff0c;可以微信搜索【小奇JAVA面试】第一时间阅读&#xff0c;回复【资料】更有我为大家准备的福利哟&#xff01;回复【项目】有我为大家准备的一些项目源码。</p> \n</blockquote> \n<p></p>\n<div class=\"toc\">\n <h3>文章目录</h3>\n <ul><li><a href=\"#_8\">一、前言</a></li><li><a href=\"#_21\">二、面试</a></li><li><a href=\"#RocketMQ_55\">三、RocketMQ是什么</a></li><li><a href=\"#_153\">四、总结</a></li></ul>\n</div>\n<p></p> \n<h1><a id=\"_8\"></a>一、前言</h1> \n<blockquote> \n <p>作为一名Java程序员&#xff0c;RocketMQ底层的一些原理是我们<strong>不必学会</strong>就可以搬砖工作的一种技能点&#xff0c;但是小奇为什么还要讲一下呢&#xff1f;难道就是为了浪费大家<strong>1分钟</strong>的宝贵时间&#xff0c;一个人1分钟&#xff0c;50万人就是<strong>1年</strong>&#xff0c;5000万人就是<strong>100年</strong>&#xff0c;赚了&#xff0c;小奇以一己之力成功搞挂一个人&#xff08;血赚&#xff09;。</p> \n</blockquote> \n<blockquote> \n <p>当然不是&#xff0c;并且小奇的文章也没有那么多人看&#xff0c;最多也就浪费个<strong>肾</strong>吧。</p> \n</blockquote> \n<blockquote> \n <p>学习RocketMQ底层原理是因为<strong>面试官要问啊</strong>&#xff01;&#xff0c;所以我们就要学&#xff0c;什么&#xff1f;不实用的你不学&#xff1f;那邻居小奇可要使劲学啦&#xff0c;到时候面试官只要小奇不要你。</p> \n</blockquote> \n<p><img src=\"https://img-blog.csdnimg.cn/ea5d1dd3447c4edc93da369790a1467b.png\" alt=\"在这里插入图片描述\" /></p> \n<blockquote> \n <p>至于你问为什么面试官要问RocketMQ底层原理呢&#xff0c;这个。。。我把这次机会留给你&#xff0c;下次你面试的时候面试官问&#xff1a;“讲一下RocketMQ底层原理”。你&#xff1a;“面试官你好&#xff0c;请问为什么你要问RocketMQ底层原理呢&#xff0c;你给我台电脑&#xff0c;我<strong>五分钟</strong>给你搭建好<strong>图书管理系统</strong>他不香吗&#xff0c;咱们键盘上见真章”。这时面试官就会告诉你答案&#xff0c;你就可以把答案打在评论区&#xff0c;让小奇以及众多小伙伴一起知道一下到底为什么要问&#xff1f;<br /> </p> \n</blockquote> \n<p><img src=\"https://img-blog.csdnimg.cn/61cee6fb1a0540269595b92529d1a843.png#pic_center\" alt=\"在这里插入图片描述\" /></p> \n<h1><a id=\"_21\"></a>二、面试</h1> \n<blockquote> \n <p>在一个晴朗的周日&#xff0c;我来到了一个陌生的园区&#xff08;别问为什么是周日&#xff0c;问就是997&#xff0c;不过为了填饱肚子的打工人&#xff0c;只能明知山有虎、偏向虎山行&#xff09;&#xff0c;坐在陌生的会议室&#xff0c;等待HR小姐姐去叫面试官&#xff0c;此时我的心情和各位小伙伴一样五味杂陈&#xff0c;<strong>担心面试官问的会不会很难&#xff1f;问到我的知识盲区我该怎么办&#xff1f;一会自我介绍的时候要不要吹一下我和小奇的关系&#xff1f;</strong></p> \n</blockquote> \n<blockquote> \n <p>一位英俊潇洒&#xff0c;眼神犀利的面试官走了进来&#xff0c;看到他那犀利、仿佛能看穿一切的眼神 &#xff0c;我在想要不然一会就不要20k了&#xff0c;要8k得了&#xff0c;这个面试官一看就不好糊弄啊&#xff0c;但是我想起来我来之前刚看了小奇的趣学编程系列&#xff0c;我已经完全学会了小奇的精髓&#xff0c;我顿时就来了底气&#xff0c;决定一会要30k&#xff0c;不给就学小奇赖着不走&#xff08;哈哈&#xff09;</p> \n</blockquote> \n<blockquote> \n <p><strong>面试官&#xff1a;小奇是吧&#xff0c;带简历了吗&#xff1f;</strong></p> \n</blockquote> \n<blockquote> \n <p>我&#xff1a;没带&#xff0c;现在彩印两块一张&#xff0c;我简历五张&#xff0c;每次面试都要花费十块&#xff0c;我朋友说了还没工作就先让你掏钱的工作不要去。</p> \n</blockquote> \n<blockquote> \n <p><strong>面试官&#xff1a;。。。那你靠什么来征服我&#xff0c;让我录用你</strong></p> \n</blockquote> \n<blockquote> \n <p>我&#xff1a;气质&#xff1f;</p> \n</blockquote> \n<p><img src=\"https://img-blog.csdnimg.cn/c701ee9e709b404786e268dd06ebfce3.png\" alt=\"请添加图片描述\" /></p> \n<blockquote> \n <p>&#xff08;此时面试官并没有叫保安&#xff0c;而是从门后拿出了恭候我多时的棍子&#xff0c;我瞬间怂了&#xff09;<br /> </p> \n</blockquote> \n<p><img src=\"https://img-blog.csdnimg.cn/c437a81c80b3446a93aa90c998434365.png#pic_center\" alt=\"在这里插入图片描述\" /></p> \n<blockquote> \n <p>我只好从我的双肩包中拿出了我上午从其他公司面试官手中<strong>要回的简历</strong>&#xff0c;上午的情形是这样的。<br /> <br /> <strong>上午的面试官&#xff1a;今天的面试就到这吧&#xff0c;回去等通知吧&#xff01;</strong><br /> <br /> 我&#xff1a;面试官你好&#xff0c;如果贵公司不打算录取我的话&#xff0c;<strong>能不能把我的纸质简历还给我</strong>&#xff0c;我下午还有一家面试。<br /> <br /> <strong>上午的面试官&#xff1a;我说你的简历怎么皱皱巴巴&#xff0c;原来你一直在循环利用啊&#xff01;这个症状出现多久了&#xff1f;</strong><br /> <br /> 我&#xff1a;<strong>半拉月了</strong>。。。<br /> <br /> &#xff08;当我把皱皱巴巴的简历交给面试官后&#xff0c;这场面试才得以继续进行。。。&#xff09;</p> \n</blockquote> \n<h1><a id=\"RocketMQ_55\"></a>三、RocketMQ是什么</h1> \n<blockquote> \n <p><strong>面试官&#xff1a;我看你简历上写的精通RocketMQ&#xff1f;&#xff08;哼&#xff0c;面试官轻蔑的一笑&#xff09;</strong></p> \n</blockquote> \n<blockquote> \n <p>我&#xff1a;本来不想写精通的&#xff0c;但是同行们抬爱&#xff0c;非逼着写&#xff0c;但是也无可厚非&#xff0c;虽说没有到达炉火纯青&#xff0c;但是也差不多登峰造极了吧。</p> \n</blockquote> \n<blockquote> \n <p><strong>面试官&#xff1a;呵呵、那你先说一说RocketMQ是什么吧</strong></p> \n</blockquote> \n<blockquote> \n <p>我&#xff1a;RocketMQ是一个消息队列中间件&#xff0c;通过将消息放入队列中来实现解耦&#xff0c;削峰填谷等效果。</p> \n</blockquote> \n<blockquote> \n <p><strong>面试官&#xff1a;嗯&#xff0c;RocketMQ消息模型是什么样子的&#xff1f;</strong></p> \n</blockquote> \n<blockquote> \n <p>我&#xff1a;RocketMQ中主要有三部分组成&#xff0c;分别是消息生产端Producer、消息存储端Broker、和消息消费端Consumer。</p> \n</blockquote> \n<p><img src=\"https://img-blog.csdnimg.cn/15eae7772755443d9d46b06862e65a84.png\" alt=\"在这里插入图片描述\" /></p> \n<blockquote> \n <p><strong>面试官&#xff1a;嗯&#xff0c;RocketMQ有哪些消息发送模式呢&#xff1f;</strong></p> \n</blockquote> \n<blockquote> \n <p><strong>1、基本模式</strong><br /> 基本模式中我们生产者可以通过三种不同的方式发送消息&#xff0c;分别是同步发送、异步发送、单向发送&#xff0c;其中同步发送就是需要接收端响应接收到当前消息后才能再次发送消息&#xff0c;而单向发送是不需要等接收端响应接收到消息就可以再次发送的。<br /> 另外消费者消费消息也有两种模式&#xff0c;一种是消费者主动去Broker上拉取消息的拉模式&#xff0c;另一种是消费者等待Broker把消息推过来的推模式。</p> \n</blockquote> \n<blockquote> \n <p><strong>2、顺序消息发送模式</strong><br /> 顺序模式就是保证消息发送到Broker的顺序和消费者从Broker中消费的时候顺序是有序的&#xff0c;那么如果只有一个Broker的话肯定是有序的&#xff0c;如果多个Broker就无法保证有序性&#xff0c;所以RocketMQ保证的是消息的局部有序&#xff0c;并不能保证全局有序。</p> \n</blockquote> \n<p><img src=\"https://img-blog.csdnimg.cn/a22e3eb964844730bd2122387cdeb158.png\" alt=\"在这里插入图片描述\" /></p> \n<blockquote> \n <p><strong>3、广播消息发送模式</strong><br /> 广播消息发送模式针对多个消费者来说并不是有一个消费者消费了消息&#xff0c;这个消息就没有了&#xff0c;而是每个消费者都会消费到这一条消息。就像我用大喇叭在村里广播说<strong>张寡妇</strong>和<strong>王光棍</strong>的事情&#xff0c;我只说了一遍&#xff0c;但是村里的人都听到了&#xff0c;这就是广播模式。<br /> 如果不用广播模式&#xff0c;那么我找到刘婶跟她说了张寡妇和王光棍的事情&#xff0c;那么也只有刘婶她一个人知道&#xff08;当然&#xff0c;刘婶知道了后面全村最晚一夜之间就全知道了&#xff09;</p> \n</blockquote> \n<p><img src=\"https://img-blog.csdnimg.cn/33e7ddba3ad54ce09fe490927afab41c.png\" alt=\"在这里插入图片描述\" /></p> \n<blockquote> \n <p><strong>4、延迟消息发送模式</strong><br /> 延迟消息就是生产者发送消息后&#xff0c;消息并没有被及时的发送出去&#xff0c;而是等过了一段时间才发出去。</p> \n</blockquote> \n<blockquote> \n <p>比如我上面跟刘婶说了一个八卦&#xff0c;我让她不外传&#xff0c;那她肯定做不到啊&#xff0c;我那只能要求她一个小时之内不允许外传&#xff0c;怎么也得给我预留一个小时让我逃跑啊</p> \n</blockquote> \n<blockquote> \n <p>结果刘婶说一个小时她忍不住&#xff0c;最后协商她只能忍五分钟之内不说&#xff0c;那我也没什么好说的了&#xff0c;五分钟我能跑二里地了&#xff0c;总比没有时间强。</p> \n</blockquote> \n<blockquote> \n <p>我还没来得及跑呢&#xff0c;就看到刘婶拦住了骑大梁自行车准备回家做饭的老林&#xff0c;老林从自行车上下来满是期待的表情问&#xff1a;<strong>“刘婶呀&#xff0c;什么事啊&#xff0c;这么神秘”</strong>。只见刘婶看了一眼自己手上镀金的小腕表来了一句&#xff1a;<strong>“再等我四分半钟&#xff0c;我给你说一个秘密”</strong>。</p> \n</blockquote> \n<blockquote> \n <p>我彻底服了&#xff0c;我们村不愧是人才村&#xff0c;个个都是人才。。。</p> \n</blockquote> \n<p><img src=\"https://img-blog.csdnimg.cn/c79b175772474f4dbcf5edee262c7b14.png\" alt=\"在这里插入图片描述\" /></p> \n<blockquote> \n <p><strong>5、批量消息发送模式</strong><br /> 批量消息发送的意思就是将多条消息合并成一个消息&#xff0c;一次发送出去。这样的好处就可以减少网路IO的次数&#xff0c;提升了效率。</p> \n</blockquote> \n<blockquote> \n <p>比如之前我在村里说八卦的时候&#xff0c;我见了刘婶<br /> 我说&#xff1a;“哎呀刘婶呀&#xff0c;你可不知道”。<br /> 刘婶&#xff1a;“我确实不知道呀&#xff0c;你啥都没说呀”。<br /> 我说&#xff1a;“就咱们村的张寡妇啊&#xff0c;可真行”。<br /> 刘婶&#xff1a;“张寡妇怎么了&#xff0c;哪里行&#xff0c;难道比我还。。。”。<br /> 我说&#xff1a;“还有咱村的王光棍&#xff0c;单身四十多年了&#xff0c;没想到还有这本事呢”。<br /> 刘婶&#xff1a;“啥本事啊&#xff0c;不是小奇你能一下说出来不&#xff0c;我快憋死了&#xff0c;快说到底啥事呀”。<br /> 我说&#xff1a;“就他俩在村东头苞米地里那啥”。<br /> 刘婶&#xff1a;“那啥呀”。<br /> 我说&#xff1a;“我先回去吃饭了啊&#xff0c;吃完饭我再回来跟你说剩下的”。<br /> 刘婶&#xff1a;“你这个兔崽子&#xff0c;你看我能让你吃饭吃安省不&#xff0c;吊我的胃口&#xff0c;你找死”。</p> \n</blockquote> \n<blockquote> \n <p>明明可以一下说明白的事&#xff0c;我非要演上一部60集的电视连续剧&#xff0c;冯导听了都连连叫好啊。</p> \n</blockquote> \n<blockquote> \n <p><strong>6、过滤消息发送模式</strong><br /> 在RocketMQ中我们可以使用Message的Tag属性来过滤信息&#xff0c;就是我们指定这个信息哪个消费者可以收到&#xff0c;那么它就可以收到&#xff0c;其他人收不到。</p> \n</blockquote> \n<blockquote> \n <p>比如我发现村里的八卦了&#xff0c;我忍不住想让全村里的人知道&#xff0c;那我就在村里的微信群里发一下不就行了&#xff0c;但是张寡妇和王光棍也在微信群里呢&#xff0c;我这么一发他们不就知道是我说的嘛。</p> \n</blockquote> \n<blockquote> \n <p>那我只好先将他们两个屏蔽了&#xff0c;然后把消息发出去&#xff0c;然后瞬间群里炸了锅&#xff0c;只有他两个人不知道发生了什么。</p> \n</blockquote> \n<blockquote> \n <p><strong>7、事务消息发送模式</strong><br /> 事务消息是在分布式系统中保证最终一致性的两阶段提交的消息实现&#xff0c;他可以保证本地事务执行与消息发送两个操作的原子性。</p> \n</blockquote> \n<blockquote> \n <p>这里保证的是生产者发送出去的消息与生产者本地存储的消息要一致&#xff0c;比如我们购买商品下单&#xff0c;我们来简单描述一下流程。</p> \n</blockquote> \n<blockquote> \n <p>1、客户下单。<br /> 2、程序生成一条订单信息&#xff08;这个时候还没有落库&#xff09;<br /> 3、这个时候向快递服务发送了一条消息&#xff0c;让快递服务准备一下这条订单的货。<br /> 4、这个时候将生成的订单信息落到订单服务的数据库中</p> \n</blockquote> \n<blockquote> \n <p>上面是一个正常的流程&#xff0c;但是如果订单信息落库的时候失败了呢。这个时候已经向快递服务发送了发快递的消息了&#xff0c;但是订单服务落库失败&#xff0c;没有这笔订单&#xff0c;那就是白白发了一个快递。回头对账对不上&#xff0c;领导宰了你的心都有了。</p> \n</blockquote> \n<blockquote> \n <p>这个时候我们就需要进行一个事务的处理了&#xff0c;我们可以进行一个两阶段提交来保证事务。</p> \n</blockquote> \n<p><img src=\"https://img-blog.csdnimg.cn/286a9b9649ae4852a16d84d477ba6f7b.png\" alt=\"在这里插入图片描述\" /></p> \n<blockquote> \n <p><strong>面试官&#xff1a;小伙子真厉害啊&#xff0c;我这边没有什么要问的了&#xff0c;你还有什么问题要问&#xff08;面试官两眼放光&#xff09;</strong></p> \n</blockquote> \n<blockquote> \n <p>我&#xff1a;额。。。面试官我现在可以走了吗&#xff0c;我一会还有一个面试呢。</p> \n</blockquote> \n<blockquote> \n <p><strong>面试官&#xff1a;还面啥别的公司啊&#xff0c;就来我这吧&#xff0c;条件随便开</strong></p> \n</blockquote> \n<blockquote> \n <p>我&#xff1a;那就100k吧&#xff08;此时面试官又拿起了他准备好的棍子&#xff09;</p> \n</blockquote> \n<p><strong>面试官&#xff1a;你要是不来就给我推荐一下&#xff0c;让别人来我这面试一下</strong></p> \n<blockquote> \n <p>我&#xff1a;你先好好学习一下RocketMQ吧&#xff0c;今天幸亏只是我来了&#xff0c;如果是小奇的忠实读者来了&#xff0c;你将会被虐的很惨的。&#xff08;我将我的博客地址留给了面试官&#xff0c;转身留下了帅气的背影&#xff0c;而面试官落寞无神的呆呆的坐在那里&#xff0c;仿佛一个亿离他而去。。。&#xff09;</p> \n</blockquote> \n<h1><a id=\"_153\"></a>四、总结</h1> \n<blockquote> \n <p>这里关于RocketMQ还没有整理完毕&#xff0c;文章后面持续更新&#xff0c;建议收藏。</p> \n</blockquote> \n<blockquote> \n <p>文章中涉及到的命令大家一定要像我一样每个都敲几遍&#xff0c;只有在敲的过程中才能发现自己对命令是否真正的掌握了。</p> \n</blockquote> \n<blockquote> \n <p>如果觉得我的文章还不错的话就点个赞吧&#xff0c;另外可以微信搜索【小奇JAVA面试】阅读更多的好文章&#xff0c;获取我为大家准备的资料。回复【项目】更有开源项目持续更新分享给大家。</p> \n</blockquote>\n                </div>\n                <link href=\"https://csdnimg.cn/release/blogv2/dist/mdeditor/css/editerView/markdown_views-3fd7f7a902.css\" rel=\"stylesheet\">\n                <link href=\"https://csdnimg.cn/release/blogv2/dist/mdeditor/css/style-49037e4d27.css\" rel=\"stylesheet\">\n        </div>\n        <div id=\"treeSkill\"></div>\n        <div id=\"blogExtensionBox\" style=\"width:400px;margin:auto;margin-top:12px\" class=\"blog-extension-box\"></div>\n<div id=\"marketingBox\" class=\"marketing-box\">\n  <div class=\"marketing-content\">\n    <a class=\"marketing-content-card\" href=\"https://mp.csdn.net/activity/newclock?utm_campaign=marketingcard&utm_source=weixin_44096133&utm_content=124644484\" target=\"_blank\" data-report-click=\'{\"spm\":\"1001.2101.3001.7906\"}\' data-report-view=\'{\"spm\":\"1001.2101.3001.7906\"}\'>\n      <div class=\"marketing-content-card-l\">\n        <img src=\"https://img-blog.csdnimg.cn/fce44ffe4f1f493b84f6e057060c9c93.png\" alt=\"\">\n      </div>\n      <div class=\"marketing-content-card-r\">\n        <div class=\"marketing-content-card-rt\">\n          <span class=\"text\">创作打卡挑战赛</span>\n          <img src=\"https://csdnimg.cn/release/blogv2/dist/components/img/iconArrowLeftWhite.png\" alt=\"\">\n        </div>\n        <div class=\"marketing-content-card-rb\">赢取流量/现金/CSDN周边激励大奖</div>\n      </div>\n    </a>\n  </div>\n</div>\n    </article>','2018-09-05 10:57:06',16,'ysNWsnHoG8p2EGzEXKvaCj'),('anrykoFiWMXJmottEd8gW6','docker容器有个bug-非root用户提权',' <article class=\"baidu_pl\">\n        <div id=\"article_content\" class=\"article_content clearfix\">\n        <link rel=\"stylesheet\" href=\"https://csdnimg.cn/release/blogv2/dist/mdeditor/css/editerView/ck_htmledit_views-163de54645.css\">\n                <div id=\"content_views\" class=\"markdown_views prism-dracula\">\n                    <svg xmlns=\"http://www.w3.org/2000/svg\" style=\"display: none;\">\n                        <path stroke-linecap=\"round\" d=\"M5,0 0,2.5 5,5z\" id=\"raphael-marker-block\" style=\"-webkit-tap-highlight-color: rgba(0, 0, 0, 0);\"></path>\n                    </svg>\n                    <p></p>\n<div class=\"toc\">\n <h3>文章目录</h3>\n <ul><li><ul><li><a href=\"#rootdocker_3\">一、使用非root用户启动docker容器</a></li><li><a href=\"#root_14\">二、验证非root用户启动容器的安全性</a></li></ul>\n </li></ul>\n</div>\n<br /> 本系列之前的文章中使用root用户安装docker&#xff0c;并在root用户下启动docker守护进程&#xff0c;容器也是在root用户下启动运行的。那么问题就出现了&#xff1a;我们的容器服务进程都是root用户权限&#xff0c;使用数据卷的方式想挂载哪个目录就挂载那个目录&#xff1b;想修改挂载目录下的哪个文件&#xff0c;就修改哪个文件。\n<strong>那么我们本文带大家使用非root用户来启动docker容器&#xff0c;是否就安全了呢&#xff1f;</strong> 我们先不说答案&#xff0c;让我们一起来通过实验&#xff0c;来解答我们的疑问。\n<p></p> \n<h2><a id=\"rootdocker_3\"></a>一、使用非root用户启动docker容器</h2> \n<p>为了提升安全性&#xff0c;我们考虑一种方案&#xff1a;使用非root用户启动docker容器。为此我们做一个实验&#xff0c;首先我们创建一个普通用户zimug,执行命令 <code>useradd zimug;</code>。并且将这个用户加入docker用户组&#xff0c;因为docker用户组的用户才能启动docker容器。</p> \n<pre><code class=\"prism language-shell\"><span class=\"token comment\">#zimug加入docker用户组</span>\n<span class=\"token function\">usermod</span> -G <span class=\"token function\">docker</span> zimug<span class=\"token punctuation\">;</span>  \n<span class=\"token comment\">#在zimug用户下启动容器</span>\n<span class=\"token function\">docker</span> run -d --name nginx-zimug -p  <span class=\"token number\">80</span>:80  nginx<span class=\"token punctuation\">;</span> \n</code></pre> \n<p>以上的操作证明使用非root用户启动docker容器是可行的&#xff0c;但是安全性有没有得到提升&#xff0c;我们还需要验证。</p> \n<h2><a id=\"root_14\"></a>二、验证非root用户启动容器的安全性</h2> \n<p>回到docker服务所在的宿主机服务器上&#xff0c;使用 <strong>root</strong> 账号将<code>&#34;zimug test&#34;</code>这样一个字符串写入测试文件 <code>test.txt</code></p> \n<pre><code class=\"prism language-shell\"><span class=\"token function\">mkdir</span> -p /root/test<span class=\"token punctuation\">;</span>\n<span class=\"token builtin class-name\">echo</span> <span class=\"token string\">&#34;zimug test&#34;</span> <span class=\"token operator\">&gt;</span> /root/test/test.txt<span class=\"token punctuation\">;</span>\n</code></pre> \n<p>然后使用su命令切换到zimug这个用户&#xff0c;使用cat命令查看文件提示权限不够无法查看文件&#xff0c;到此一切正常。</p> \n<pre><code class=\"prism language-shell\"><span class=\"token punctuation\">[</span>root<span class=\"token punctuation\">]</span><span class=\"token comment\"># su - zimug;</span>\n<span class=\"token punctuation\">[</span>zimug<span class=\"token punctuation\">]</span>$ <span class=\"token function\">cat</span>  /root/test/test.txt<span class=\"token punctuation\">;</span>\ncat: /root/test/test.txt: 权限不够\n</code></pre> \n<p>然后我们在zimug用户下启动一个容器nginx-zimug1&#xff0c;需要记住非常重要的一点是&#xff1a;<strong>这个容器我们是在非root用户zimug下启动的</strong>。</p> \n<pre><code class=\"prism language-shell\"><span class=\"token punctuation\">[</span>zimug<span class=\"token punctuation\">]</span>$ <span class=\"token function\">docker</span> run -d --name nginx-zimug1 <span class=\"token punctuation\">\\</span>\n -p  <span class=\"token number\">81</span>:80  <span class=\"token punctuation\">\\</span>\n -v /root/test/test.txt:/root/test/test.txt nginx<span class=\"token punctuation\">;</span> \n</code></pre> \n<p>然后我们进入容器内部修改<code>/root/test/test.txt</code>这个文件&#xff0c;向文件内echo写入一个字符串&#xff1a;“zimug test update file in container”,表示这个文件我们在容器内部进行修改。</p> \n<pre><code class=\"prism language-shell\"><span class=\"token comment\"># 进入容器内部</span>\n<span class=\"token punctuation\">[</span>zimug<span class=\"token punctuation\">]</span>$ <span class=\"token function\">docker</span> <span class=\"token builtin class-name\">exec</span> -it nginx-zimug1 /bin/bash\n<span class=\"token comment\"># 进入容器后使用下面的命令修改文件&#xff0c;然后exit退出</span>\n<span class=\"token builtin class-name\">echo</span> <span class=\"token string\">&#34;zimug test update file in container&#34;</span> <span class=\"token operator\">&gt;</span> /root/test/test.txt<span class=\"token punctuation\">;</span>\n</code></pre> \n<p>回到宿主机上使用 <strong>root</strong> 账号确认 <code>/root/test/test.txt</code> 文件内容。发生了我们不愿见到的结果&#xff1a;<strong>普通用户zimug启动一个容器&#xff0c;可以随意映射root用户文件&#xff0c;并且在容器内修改这个文件&#xff0c;root用户的文件内容也随之更改</strong>。</p> \n<pre><code class=\"prism language-shell\"><span class=\"token comment\"># cat /root/test/test.txt</span>\nzimug <span class=\"token builtin class-name\">test</span> update <span class=\"token function\">file</span> <span class=\"token keyword\">in</span> container\n</code></pre> \n<p>之所以出现这个问题&#xff0c;有两个原因&#xff1a;一是docker容器本质是宿主机服务器上的一个进程&#xff0c;<strong>不做特殊处理的情况下&#xff0c;容器里的root用户和宿主机上的root用户实际上是同一个用户</strong>&#xff1b;二是docker存在一个守护进程,即使用<code>systemctl start docker</code>启动的那个服务进程。因为我们安装docker是root用户安装的&#xff0c;该守护进程也是用root用户启动的&#xff0c;即使容器是非root用户运行的也存在较大的安全问题&#xff0c;是docker安全性问题的重要风险点。<br /> 解决这个问题有两个通用方法&#xff1a;就是容器用户与宿主机用户的id段映射&#xff1b;二是使用非root用户搭建docker并启动守护进程。关注我&#xff0c;我会继续书写docker系列专栏&#xff01;</p>\n                </div>\n                <link href=\"https://csdnimg.cn/release/blogv2/dist/mdeditor/css/editerView/markdown_views-3fd7f7a902.css\" rel=\"stylesheet\">\n                <link href=\"https://csdnimg.cn/release/blogv2/dist/mdeditor/css/style-49037e4d27.css\" rel=\"stylesheet\">\n        </div>\n        <div id=\"treeSkill\"></div>\n<div id=\"marketingBox\" class=\"marketing-box\">\n  <div class=\"marketing-content\">\n    <a class=\"marketing-content-card\" href=\"https://mp.csdn.net/activity/newclock?utm_campaign=marketingcard&utm_source=hanxiaotongtong&utm_content=124289077\" target=\"_blank\" data-report-click=\'{\"spm\":\"1001.2101.3001.7906\"}\' data-report-view=\'{\"spm\":\"1001.2101.3001.7906\"}\'>\n      <div class=\"marketing-content-card-l\">\n        <img src=\"https://img-blog.csdnimg.cn/fce44ffe4f1f493b84f6e057060c9c93.png\" alt=\"\">\n      </div>\n      <div class=\"marketing-content-card-r\">\n        <div class=\"marketing-content-card-rt\">\n          <span class=\"text\">创作打卡挑战赛</span>\n          <img src=\"https://csdnimg.cn/release/blogv2/dist/components/img/iconArrowLeftWhite.png\" alt=\"\">\n        </div>\n        <div class=\"marketing-content-card-rb\">赢取流量/现金/CSDN周边激励大奖</div>\n      </div>\n    </a>\n  </div>\n</div>\n    </article>','2018-09-15 20:34:19',9,'VSwcS6gb7h3qQbkWTcYyWL'),('BNkY6UU7UicxZk7DpGCbXL','Java中的lambda表达式如何理解——精简',' <article class=\"baidu_pl\">\n        <div id=\"article_content\" class=\"article_content clearfix\">\n        <link rel=\"stylesheet\" href=\"https://csdnimg.cn/release/blogv2/dist/mdeditor/css/editerView/ck_htmledit_views-163de54645.css\">\n                <div id=\"content_views\" class=\"htmledit_views\">\n                    <blockquote> \n <p>✌️✌️✌️在写之前&#xff0c;我在考虑是否要写这篇文章&#xff0c;然而当我查阅“lambda表达式”的相关内容的时候&#xff0c;我发现大量的文章都出现了冗余的现象&#xff0c;文章的篇幅过于夸张&#xff0c;严重影响了大家阅读的兴趣&#xff0c;因此我决定写一篇关于lambda表达式的文章&#xff0c;让大家能够在一定程度上对lambda表达式有一定的理解。希望能够对你在Java的学习中起到一定的帮助。</p> \n</blockquote> \n<p> </p> \n<p class=\"img-center\"><img alt=\"\" height=\"250\" src=\"https://img-blog.csdnimg.cn/1e9e55029d7148bb8e3c387ed19ef4d9.png\" width=\"264\" /></p> \n<p> </p> \n<h1>Lambda概述</h1> \n<blockquote> \n <p>Lambda表达式是JDK8开始后的一种新语法形式</p> \n <p><strong>作用&#xff1a;</strong><span style=\"background-color:#a2e043;\">简化匿名内部类的代码写法</span></p> \n <p><strong>格式&#xff1a;</strong> </p> \n <pre><code class=\"language-java\">(匿名内部类被重写方法的形参列表)-&gt;{\n    被重写方法的方法体代码\n}\n注&#xff1a;-&gt;是语法形式&#xff0c;无实际意义</code></pre> \n <p></p> \n</blockquote> \n<p>首先我们先定义一个抽象类&#xff0c;通过匿名内部类重写其方法&#xff0c;再对其进行简化&#xff0c;比较二者之间有何变化&#xff1a;</p> \n<blockquote> \n <p><span style=\"background-color:#38d8f0;\">使用Lambda表达式之前&#xff1a;</span> </p> \n <pre><code class=\"language-java\">public static void main (String[] args){\n    People p &#61; new People(){\n    &#64;Override\n    public void run(){\n        System.out.println(&#34;小学生跑的很慢&#34;);\n        }\n    };\n    p.run();    \n\n}\nabstract class People{\n    public abstract void run();\n}</code></pre> \n <p><span style=\"background-color:#4da8ee;\">使用Lambda表达式之后&#xff1a;</span></p> \n <pre><code class=\"language-java\">People p &#61; ()-&gt;{\n    System.out.println(&#34;小学生跑的很慢&#34;);\n};\n//会出现报错</code></pre> \n <p>会出现报错&#xff0c;这是为什么呢&#xff1f;原因在于前面对于Lambda表达式的定义并不清晰&#xff0c;Lambda表达式并不能简化所以匿名内部类&#xff0c;<strong><span style=\"color:#fe2c24;\">其只能简化函数式接口匿名内部类的写法形式&#xff0c;且接口中有且仅有一个抽象方法</span></strong>&#xff0c;通常&#xff0c;我们会再接口上加上一个&#64;Functionalinterface注解&#xff0c;标记该接口必须是满足函数式接口。</p> \n <p class=\"img-center\"><img alt=\"\" height=\"184\" src=\"https://img-blog.csdnimg.cn/a8c7671fe9364174a18e3459b96e4ebb.gif\" width=\"184\" /></p> \n <p style=\"text-align:center;\"> </p> \n</blockquote> \n<blockquote> \n <p><span style=\"background-color:#faa572;\">真正意义上通过Lambda表达式简化&#xff1a; </span></p> \n <pre><code class=\"language-java\">&#64;FunctionalInterface//加上这个注解必须是函数式接口&#xff0c;且只有一个抽象方法\ninterface People{\n    void run();\n}\n//简化之前的匿名内部类\nPeople p &#61; new People(){\n    &#64;Override\n    public void run(){\n        System.out.println(&#34;小学生跑的很慢&#xff01;&#34;);\n    }\n};\n//简化之后\nPeople p &#61; () -&gt; {\n        System.out.println(&#34;小学生跑的很慢&#xff01;&#34;);\n};</code></pre> \n <p>另外&#xff0c;也可以<span style=\"background-color:#ffd900;\">将其作为参数代入方法中去使用&#xff1a;</span></p> \n <pre><code class=\"language-java\">//在原来的基础上定义一个pk方法\npublic static void pk(People p){\n    System.out.println(&#34;跑步情况如何&#xff1a;&#34;)\n    p.run();\n}\n//不使用Lambda的情况下&#xff1a;\npk(p);//需要在定义匿名内部类之后&#xff0c;将p代入&#xff1b;\n//使用Lambda的情况&#xff1a;\nPeople p &#61; () -&gt; {\n        System.out.println(&#34;小学生跑的很慢&#xff01;&#34;);\n};\npk(() -&gt; {\n        System.out.println(&#34;小学生跑的很慢&#xff01;&#34;);\n});\n//由于等号右边即是People创建的对象p&#xff0c;因此可以可以直接将其代入</code></pre> \n <p></p> \n</blockquote> \n<blockquote> \n <p><span style=\"background-color:#ed7976;\">Lambda的好处&#xff1a;</span></p> \n <p> Lambda是一个匿名函数&#xff0c;我们可以把Lambda表达式理解为是一段可以传递的代码&#xff0c;它可以写出更简洁、更灵活的代码&#xff0c;作为一种更紧凑的代码风格&#xff0c;使Java语言表达能力得到了提升。</p> \n <p></p> \n <p> </p> \n <p class=\"img-center\"><img alt=\"\" height=\"225\" src=\"https://img-blog.csdnimg.cn/8c26cd69f33d4407b7c8d32c036f5969.png\" width=\"225\" /></p> \n <p> </p> \n</blockquote> \n<h1>Lambda实战的作用 </h1> \n<blockquote> \n <p>在之前的学习过程中&#xff0c;我们学习过了Arrays的相关知识&#xff0c;其中有一个sort方法&#xff08;可以将数组升序或降序排列&#xff09;&#xff0c;它其实也是接口类&#xff0c;并且只有一个抽象方法&#xff1a;</p> \n <pre><code class=\"language-java\">//精简之前:\nArrays.sort(grade,new Comparator&lt;Integer&gt;(){\n    &#64;Override\n    public int compare(Integer o1,Integer o2){\n        return o2 -o1;\n}\n});\n//精简之后:\nArrays.sort(grade,(Integer o1,Integer o2) -&gt; {\n        return o2 -o1;\n});</code></pre> \n <p> </p> \n</blockquote> \n<h1>Lambda表达式省略规则 </h1> \n<blockquote> \n <ul><li>参数类型可以省略不写</li></ul>\n <pre><code class=\"language-java\">//参考前面的实战例子\nArrays.sort(grade,(Integer o1,Integer o2) -&gt; {\n        return o2 -o1;\n});\n//省略参数类型之后\nArrays.sort(grade,( o1, o2){\n        return o2 -o1;\n});</code></pre> \n <ul><li>如果只有一个参数&#xff0c;参数类型可以省略&#xff0c;同时()也可以省略</li></ul>\n <pre><code class=\"language-java\">//简单引用一个单个参数的例子&#xff0c;不需要了解其具体含义\nbtn.addActionListener((ActionEvent e) -&gt; {\n    System.out.println(&#34;我是简单的例子。&#34;);\n});\n//简化之后&#xff1a;\nbtn.addActionListener( e -&gt; {\n    System.out.println(&#34;我是简单的例子。&#34;);\n});</code></pre> \n <ul><li>如果Lambda表达式的方法体代码只有一行代码。可以省略大括号不写,同时要省略分号</li></ul>\n <pre><code class=\"language-java\">//参照上一条规则的例子\nbtn.addActionListener( e -&gt; {\n    System.out.println(&#34;我是简单的例子。&#34;);\n});\n//简化之后&#xff1a;\nbtn.addActionListener( e -&gt; System.out.println(&#34;我是简单的例子。&#34;) );</code></pre> \n <ul><li>如果Lambda表达式的方法体代码只有一行代码。可以省略大括号不写。此时&#xff0c;如果这行代码是return语句&#xff0c;必须省略return不写&#xff0c;同时也必须省略&#34;;&#34;不写</li></ul>\n <pre><code class=\"language-java\">//参照第一条规则的代码\nArrays.sort(grade,(Integer o1,Integer o2) -&gt; {\n        return o2 -o1;\n});\n//简化之后&#xff1a;\nArrays.sort(grade,( o1, o2)-&gt; o2 -o1);</code></pre> \n <p class=\"img-center\"><img alt=\"\" height=\"199\" src=\"https://img-blog.csdnimg.cn/88933259782640f18666cfa6d6bd22da.png\" width=\"225\" /></p> \n <p> </p> \n</blockquote> \n<p style=\"text-align:center;\"><span style=\"background-color:#ffd900;\">创作不易&#xff0c;给个三连 </span></p> \n<p style=\"text-align:center;\"></p>\n                </div>\n        </div>\n        <div id=\"treeSkill\"></div>\n<div id=\"marketingBox\" class=\"marketing-box\">\n  <div class=\"marketing-content\">\n    <a class=\"marketing-content-card\" href=\"https://mp.csdn.net/activity/newclock?utm_campaign=marketingcard&utm_source=weixin_50635856&utm_content=124637282\" target=\"_blank\" data-report-click=\'{\"spm\":\"1001.2101.3001.7906\"}\' data-report-view=\'{\"spm\":\"1001.2101.3001.7906\"}\'>\n      <div class=\"marketing-content-card-l\">\n        <img src=\"https://img-blog.csdnimg.cn/fce44ffe4f1f493b84f6e057060c9c93.png\" alt=\"\">\n      </div>\n      <div class=\"marketing-content-card-r\">\n        <div class=\"marketing-content-card-rt\">\n          <span class=\"text\">创作打卡挑战赛</span>\n          <img src=\"https://csdnimg.cn/release/blogv2/dist/components/img/iconArrowLeftWhite.png\" alt=\"\">\n        </div>\n        <div class=\"marketing-content-card-rb\">赢取流量/现金/CSDN周边激励大奖</div>\n      </div>\n    </a>\n  </div>\n</div>\n    </article>','2018-09-24 16:31:23',8,'ysNWsnHoG8p2EGzEXKvaCj'),('CiKycWfSSo3F79To7AcXgJ','FinClip上使用uCharts打造精美可视化报表小程序','<article class=\"baidu_pl\">\n        <div id=\"article_content\" class=\"article_content clearfix\">\n        <link rel=\"stylesheet\" href=\"https://csdnimg.cn/release/blogv2/dist/mdeditor/css/editerView/ck_htmledit_views-163de54645.css\">\n                <div id=\"content_views\" class=\"markdown_views prism-atom-one-light\">\n                    <svg xmlns=\"http://www.w3.org/2000/svg\" style=\"display: none;\">\n                        <path stroke-linecap=\"round\" d=\"M5,0 0,2.5 5,5z\" id=\"raphael-marker-block\" style=\"-webkit-tap-highlight-color: rgba(0, 0, 0, 0);\"></path>\n                    </svg>\n                    <h1><a id=\"FinClip_0\"></a>何为FinClip</h1> \n<p><a href=\"https://www.finclip.com/?from&#61;ucharts\">FinClip</a>是一款与“微信小程序”、“百度快应用”等提供类似小程序技术的平台。它的核心功能就是能够让任何APP拥有小程序的运行能力&#xff0c;只需要在你的 App里面&#xff0c;集成它的 SDK&#xff0c;就能加载运行小程序了。除了SDK&#xff0c;同时它还提供一个后台管理系统&#xff0c;统一管理小程序的上架和下架&#xff0c;以及收集和分析小程序数据&#xff0c;对于开发人员&#xff0c;可谓是极其便捷了。<br /> <img src=\"https://img-blog.csdnimg.cn/0a18e4df18fa4da982bcda7579068566.png?x-oss-process&#61;image/watermark,type_d3F5LXplbmhlaQ,shadow_50,text_Q1NETiBAaG93Y29kZXI&#61;,size_20,color_FFFFFF,t_70,g_se,x_16#pic_center\" alt=\"在这里插入图片描述\" /></p> \n<h1><a id=\"FinClip_3\"></a>为何使用FinClip</h1> \n<p>如今小程序可谓风靡当下&#xff0c;无需安装&#xff0c;只要扫码立开应用的便捷性&#xff0c;为它创造了勃勃生机的时长前景&#xff0c;而凡泰极客旗下的<code>FinClip</code>&#xff0c;则是最近在Github上很热门的前端小程序容器技术&#xff01;除此之外&#xff0c;它还具备以下特定&#xff1a;</p> \n<ul><li>多端上线</li><li>完整的生态圈</li><li>兼容度高</li><li>合规引流</li><li>完善的功能链<br /> <img src=\"https://img-blog.csdnimg.cn/9d53365f61024e3a9f041b41075bc7e1.png?x-oss-process&#61;image/watermark,type_d3F5LXplbmhlaQ,shadow_50,text_Q1NETiBAaG93Y29kZXI&#61;,size_20,color_FFFFFF,t_70,g_se,x_16#pic_center\" alt=\"在这里插入图片描述\" /></li></ul> \n<h1><a id=\"uCharts_11\"></a>何为uCharts</h1> \n<p><a href=\"https://www.ucharts.cn/\">uCharts</a>是一款基于canvas API开发的适用于所有前端应用的图表库&#xff0c;开发者编写一套代码&#xff0c;可运行到 Web、iOS、Android&#xff08;基于 uni-app / taro &#xff09;、以及各种小程序&#xff08;微信/支付宝/FinClip/百度/头条/飞书/QQ/快手/钉钉/淘宝&#xff09;、快应用等更多支持 canvas API 的平台。<br /> <img src=\"https://img-blog.csdnimg.cn/067bc639306541fdb965ece55cdd0681.png?x-oss-process&#61;image/watermark,type_d3F5LXplbmhlaQ,shadow_50,text_Q1NETiBAaG93Y29kZXI&#61;,size_20,color_FFFFFF,t_70,g_se,x_16#pic_center\" alt=\"在这里插入图片描述\" /></p> \n<h1><a id=\"uCharts_15\"></a>为何使用uCharts</h1> \n<p>随着可视化数据的空前火热&#xff0c;移动端大屏报表也迎来了属于自己的春天&#xff0c;而<code>uCharts</code>则是可视化图表的一款利器&#xff0c;即使是FinClip如此般新技术也能完美兼容&#xff01;</p> \n<p><code>uCharts</code>现已支持饼状图、圆环图、折线图、柱状图、山峰图、区域图、雷达图、圆环图、仪表盘、K线图、条状图、混合图、玫瑰图、漏斗图、词云图、时序图、散点图、气泡图、地图等常见图表。<br /> <img src=\"https://img-blog.csdnimg.cn/422b0addbde445fcb4e87cd5422eefc7.png?x-oss-process&#61;image/watermark,type_d3F5LXplbmhlaQ,shadow_50,text_Q1NETiBAaG93Y29kZXI&#61;,size_20,color_FFFFFF,t_70,g_se,x_16#pic_center\" alt=\"在这里插入图片描述\" /></p> \n<h1><a id=\"uChartsFinClip_20\"></a>uCharts为FinClip带来了什么</h1> \n<p><code>uCharts</code>是一款基于 canvas API 开发的跨平台图表库&#xff0c;全端全平台支持的图表库&#xff0c;以图表可视化插件的形式用于以图表的形式可以在 FinClip 平台对数据进行展示&#xff0c;相当于未来将帮助更多的开发者在 FinClip 小程序开发中获得开箱即用&#xff0c;体积小巧、调用简单方便、性能及体验极佳的图表能力。</p> \n<p>值得一提的是&#xff1a;<code>uCharts</code>的配置非常的人性化&#xff0c;其中的在线生成工具&#xff0c;即使是厌烦阅读文档的用户&#xff0c;也能轻松配置出心仪的个性化图表&#xff1b;而各项配置、数据配置、组件事项各个版本的分离设计&#xff0c;也让用户使用起来更加清晰明了。<br /> <img src=\"https://img-blog.csdnimg.cn/c2b4ba4ce76b496c9b9f40d4c0ec72c3.png?x-oss-process&#61;image/watermark,type_d3F5LXplbmhlaQ,shadow_50,text_Q1NETiBAaG93Y29kZXI&#61;,size_20,color_FFFFFF,t_70,g_se,x_16#pic_center\" alt=\"在这里插入图片描述\" /></p> \n<h1><a id=\"uChartsDemo_25\"></a>uCharts的报表Demo</h1> \n<p><img src=\"https://img-blog.csdnimg.cn/f64daf602d3a4d11bedcf833cfc8c734.gif#pic_center\" alt=\"在这里插入图片描述\" /><br /> <img src=\"https://img-blog.csdnimg.cn/3d43aaefa92846d39a13b4a29715f1e2.gif#pic_center\" alt=\"在这里插入图片描述\" /></p>\n                </div>\n                <link href=\"https://csdnimg.cn/release/blogv2/dist/mdeditor/css/editerView/markdown_views-3fd7f7a902.css\" rel=\"stylesheet\">\n                <link href=\"https://csdnimg.cn/release/blogv2/dist/mdeditor/css/style-49037e4d27.css\" rel=\"stylesheet\">\n        </div>\n        <div id=\"treeSkill\"></div>\n<div id=\"marketingBox\" class=\"marketing-box\">\n  <div class=\"marketing-content\">\n    <a class=\"marketing-content-card\" href=\"https://mp.csdn.net/activity/newclock?utm_campaign=marketingcard&utm_source=weixin_42000816&utm_content=124255446\" target=\"_blank\" data-report-click=\'{\"spm\":\"1001.2101.3001.7906\"}\' data-report-view=\'{\"spm\":\"1001.2101.3001.7906\"}\'>\n      <div class=\"marketing-content-card-l\">\n        <img src=\"https://img-blog.csdnimg.cn/fce44ffe4f1f493b84f6e057060c9c93.png\" alt=\"\">\n      </div>\n      <div class=\"marketing-content-card-r\">\n        <div class=\"marketing-content-card-rt\">\n          <span class=\"text\">创作打卡挑战赛</span>\n          <img src=\"https://csdnimg.cn/release/blogv2/dist/components/img/iconArrowLeftWhite.png\" alt=\"\">\n        </div>\n        <div class=\"marketing-content-card-rb\">赢取流量/现金/CSDN周边激励大奖</div>\n      </div>\n    </a>\n  </div>\n</div>\n    </article>','2018-09-07 10:41:16',78,'mLVKzNwXjNUx9B2Nsthp9F'),('cZBezRxAkvK63aLLfcF3rn','史上最全的Android基础教程+入门实战训练+处理技巧（建议收藏）|寻找C站宝藏',' <article class=\"baidu_pl\">\n        <div id=\"article_content\" class=\"article_content clearfix\">\n        <link rel=\"stylesheet\" href=\"https://csdnimg.cn/release/blogv2/dist/mdeditor/css/editerView/ck_htmledit_views-163de54645.css\">\n                <div id=\"content_views\" class=\"markdown_views prism-atom-one-dark\">\n                    <svg xmlns=\"http://www.w3.org/2000/svg\" style=\"display: none;\">\n                        <path stroke-linecap=\"round\" d=\"M5,0 0,2.5 5,5z\" id=\"raphael-marker-block\" style=\"-webkit-tap-highlight-color: rgba(0, 0, 0, 0);\"></path>\n                    </svg>\n                    <p><img src=\"https://img-blog.csdnimg.cn/20210616112702352.png?x-oss-process&#61;image/watermark,type_ZmFuZ3poZW5naGVpdGk,shadow_10,text_aHR0cHM6Ly9ibG9nLmNzZG4ubmV0L3FxXzQyMjU3NjY2,size_16,color_FFFFFF,t_70\" alt=\"在这里插入图片描述\" /><br /> 有个专栏包含了上面所有内容&#xff0c;没错&#xff0c;就是我从一年前开始做的&#x1f49b;<a href=\"https://blog.csdn.net/qq_42257666/category_9933292.html\">Android王国专栏</a>&#x1f497;</p> \n<p>为什么叫王国呢&#xff1f;因为我觉得接触任何领域的第一步都是先打好基础&#xff0c;然后再实战演练建筑高楼&#xff0c;最后学会各种技巧建筑围墙&#xff0c;这样你的知识王国就建好了&#xff0c;当然这座王国还在不断更新加固。<br /> <img src=\"https://img-blog.csdnimg.cn/2021061611554574.png?x-oss-process&#61;image/watermark,type_ZmFuZ3poZW5naGVpdGk,shadow_10,text_aHR0cHM6Ly9ibG9nLmNzZG4ubmV0L3FxXzQyMjU3NjY2,size_16,color_FFFFFF,t_70\" alt=\"在这里插入图片描述\" /><br /> 在正式介绍这个专栏前&#xff0c;我先介绍这篇文章&#xff1a;&#x1f499;<a href=\"https://blog.csdn.net/qq_42257666/article/details/115739476\">Android项目和教程总结&#xff08;史诗级宝典&#xff09;</a>&#x1f49b;&#xff0c;因为这篇文章就相当于这个专栏的目录&#xff0c;条目分的很清楚&#xff0c;所以这个专栏用这篇文章介绍最合适不过。</p> \n<blockquote> \n <p>博主一年前发布了一些Android项目和教程&#xff0c;当时就是想分享给大家&#xff0c;帮助大家解决遇到的难题&#xff0c;少走弯路。经常看到评论下有同学说博主很细心、讲的很详细&#xff0c;还有很良心免费分享源码&#xff0c;博主很欣慰得到大家的肯定和支持。所以在这里&#xff0c;我详细地总结下所有的Android项目和教程&#xff0c;方便大家学习。</p> \n</blockquote> \n<table><thead><tr><th align=\"center\"><font color=\"green\" size=\"5\"> Android基础教程</font></th></tr></thead><tbody></tbody></table>\n<p><a href=\"https://blog.csdn.net/qq_42257666/article/details/105669319\">Android移动应用基础教程【第一章 常见界面布局】</a></p> \n<p><a href=\"https://blog.csdn.net/qq_42257666/article/details/105651610\">Android移动应用基础教程【第二章 常见界面控件】</a></p> \n<p><a href=\"https://blog.csdn.net/qq_42257666/article/details/106178270\">Android移动应用基础教程 【第三章 程序活动单元Activity】</a></p> \n<p><a href=\"https://blog.csdn.net/qq_42257666/article/details/106179453\">Android移动应用基础教程【第四章 数据存储】</a></p> \n<p><a href=\"https://blog.csdn.net/qq_42257666/article/details/106313437\">Android移动应用基础教程【第五章 广播机制】</a></p> \n<p><a href=\"https://blog.csdn.net/qq_42257666/article/details/106353740\">Android移动应用基础教程【第六章 服务】</a></p> \n<p><a href=\"https://blog.csdn.net/qq_42257666/article/details/106353878\">Android移动应用基础教程【第七章 Android事件处理】</a></p> \n<p><img src=\"https://img-blog.csdnimg.cn/20210616152548571.png?x-oss-process&#61;image/watermark,type_ZmFuZ3poZW5naGVpdGk,shadow_10,text_aHR0cHM6Ly9ibG9nLmNzZG4ubmV0L3FxXzQyMjU3NjY2,size_16,color_FFFFFF,t_70\" alt=\"在这里插入图片描述\" /></p> \n<table><thead><tr><th align=\"center\"><font color=\"blue\" size=\"5\"> Android练习项目</font></th></tr></thead><tbody></tbody></table>\n<p><a href=\"https://blog.csdn.net/qq_42257666/article/details/117625350\">Android Studio实现计算器</a></p> \n<p><a href=\"https://blog.csdn.net/qq_42257666/article/details/105555550\">Android Studio如何实现音乐播放器&#xff08;简单易上手&#xff09;</a></p> \n<p><a href=\"https://blog.csdn.net/qq_42257666/article/details/117387944\">Android Studio实现通讯录</a></p> \n<p><a href=\"https://blog.csdn.net/qq_42257666/article/details/106192939\">Android Studio实现记事本项目</a></p> \n<p><a href=\"https://blog.csdn.net/qq_42257666/article/details/106587509\">Android Studio实现简单的QQ登录界面</a></p> \n<p><a href=\"https://blog.csdn.net/qq_42257666/article/details/106649043\">Android Studio实现简单的购物商城界面</a></p> \n<p><a href=\"https://blog.csdn.net/qq_42257666/article/details/106734391\">Android Studio实现简单的QQ应用</a></p> \n<p><a href=\"https://blog.csdn.net/qq_42257666/article/details/106921297\">Android Studio实现多媒体播放器</a></p> \n<p><a href=\"https://blog.csdn.net/qq_42257666/article/details/106686742?spm&#61;1001.2014.3001.5502\">Android Studio实现智能聊天机器人</a></p> \n<p><a href=\"https://blog.csdn.net/qq_42257666/article/details/116851613\">Android Studio实现QQ的注册、登录和好友列表之间的跳转</a></p> \n<p><img src=\"https://img-blog.csdnimg.cn/20210616152657412.jpg?x-oss-process&#61;image/watermark,type_ZmFuZ3poZW5naGVpdGk,shadow_10,text_aHR0cHM6Ly9ibG9nLmNzZG4ubmV0L3FxXzQyMjU3NjY2,size_16,color_FFFFFF,t_70#pic_center\" alt=\"在这里插入图片描述\" /></p> \n<table><thead><tr><th align=\"center\"><font color=\"orange\" size=\"5\"> Android处理技巧</font></th></tr></thead><tbody></tbody></table>\n<p><a href=\"https://blog.csdn.net/qq_42257666/article/details/117397021\">Android Studio卸载、安装和启动教程</a></p> \n<p><a href=\"https://blog.csdn.net/qq_42257666/article/details/105676349\">Android Studio如何去除界面默认标题栏</a></p> \n<p><a href=\"https://blog.csdn.net/qq_42257666/article/details/105676954\">Android Studio如何允许访问网络资源</a></p> \n<p><a href=\"https://blog.csdn.net/qq_42257666/article/details/105710076\">Android手机模拟器如何把语言设置为中文</a></p> \n<p><a href=\"https://blog.csdn.net/qq_42257666/article/details/115737503\">如何导入gradle版本不同的Android项目</a></p> \n<p><a href=\"https://blog.csdn.net/qq_42257666/article/details/115837982\">Android Studio新建项目出错如何解决</a></p> \n<p><a href=\"https://blog.csdn.net/qq_42257666/article/details/116355775\">Android Studio的build.gradle里面的各种版本信息</a></p> \n<p><a href=\"https://blog.csdn.net/qq_42257666/article/details/116406451\">如何查看项目的gradle版本和路径</a></p> \n<p><a href=\"https://blog.csdn.net/qq_42257666/article/details/117400066\">Android Stduio启动模拟器运行项目时做了什么</a></p> \n<p><a href=\"https://blog.csdn.net/qq_42257666/article/details/117400871\">快速解决导入项目和Android Studio当前版本不匹配问题</a></p> \n<p><a href=\"https://blog.csdn.net/qq_42257666/article/details/117398185\">快速解决Android项目的Gradle报错问题</a></p> \n<p><a href=\"https://blog.csdn.net/qq_42257666/article/details/117528412\">Android Studio模拟器如何设置中文输入法</a></p> \n<p><a href=\"https://blog.csdn.net/qq_42257666/article/details/117396053\">Android Studio如何导出apk文件</a></p> \n<p><a href=\"https://blog.csdn.net/qq_42257666/article/details/117621728\">Android的RTSP在线视频流资源地址</a><br /> <img src=\"https://img-blog.csdnimg.cn/20210616153143607.png?x-oss-process&#61;image/watermark,type_ZmFuZ3poZW5naGVpdGk,shadow_10,text_aHR0cHM6Ly9ibG9nLmNzZG4ubmV0L3FxXzQyMjU3NjY2,size_16,color_FFFFFF,t_70\" alt=\"在这里插入图片描述\" /></p> \n<blockquote> \n <p>六句话送给正在奋斗的你&#xff1a; 1、人最大的对手&#xff0c;就是自己的懒惰; 2&#xff0c;做一件事并不难&#xff0c;难的在于坚持&#xff1b;3、坚持一下也不难&#xff0c;难的是坚持到底; 4、你全力以赴了&#xff0c;才有资格说自己运气不好; 5、感觉累&#xff0c;也许是因为你正处于人生的上坡路; 6、只有尽全力&#xff0c;才能迎来美好的明天。 ​​​​</p> \n</blockquote>\n                </div>\n                <link href=\"https://csdnimg.cn/release/blogv2/dist/mdeditor/css/editerView/markdown_views-3fd7f7a902.css\" rel=\"stylesheet\">\n                <link href=\"https://csdnimg.cn/release/blogv2/dist/mdeditor/css/style-49037e4d27.css\" rel=\"stylesheet\">\n        </div>\n        <div id=\"treeSkill\"></div>\n        <div id=\"blogExtensionBox\" style=\"width:400px;margin:auto;margin-top:12px\" class=\"blog-extension-box\"></div>\n<div id=\"marketingBox\" class=\"marketing-box\">\n  <div class=\"marketing-content\">\n    <a class=\"marketing-content-card\" href=\"https://mp.csdn.net/activity/newclock?utm_campaign=marketingcard&utm_source=qq_42257666&utm_content=117952517\" target=\"_blank\" data-report-click=\'{\"spm\":\"1001.2101.3001.7906\"}\' data-report-view=\'{\"spm\":\"1001.2101.3001.7906\"}\'>\n      <div class=\"marketing-content-card-l\">\n        <img src=\"https://img-blog.csdnimg.cn/fce44ffe4f1f493b84f6e057060c9c93.png\" alt=\"\">\n      </div>\n      <div class=\"marketing-content-card-r\">\n        <div class=\"marketing-content-card-rt\">\n          <span class=\"text\">创作打卡挑战赛</span>\n          <img src=\"https://csdnimg.cn/release/blogv2/dist/components/img/iconArrowLeftWhite.png\" alt=\"\">\n        </div>\n        <div class=\"marketing-content-card-rb\">赢取流量/现金/CSDN周边激励大奖</div>\n      </div>\n    </a>\n  </div>\n</div>\n    </article>','2018-09-24 17:13:05',82,'7SWuncBDfghCL9rdFu3NHP'),('gcbxu9aUHFc4uASkC9Kr5Y','如何让JOIN跑得更快?',' <article class=\"baidu_pl\">\n        <div id=\"article_content\" class=\"article_content clearfix\">\n        <link rel=\"stylesheet\" href=\"https://csdnimg.cn/release/blogv2/dist/mdeditor/css/editerView/ck_htmledit_views-163de54645.css\">\n                <div id=\"content_views\" class=\"markdown_views prism-atom-one-dark\">\n                    <svg xmlns=\"http://www.w3.org/2000/svg\" style=\"display: none;\">\n                        <path stroke-linecap=\"round\" d=\"M5,0 0,2.5 5,5z\" id=\"raphael-marker-block\" style=\"-webkit-tap-highlight-color: rgba(0, 0, 0, 0);\"></path>\n                    </svg>\n                    <p>JOIN 一直是数据库性能优化的老大难问题&#xff0c;本来挺快的查询&#xff0c;一旦涉及了几个 JOIN&#xff0c;性能就会陡降。而且&#xff0c;参与 JOIN 的表越大越多&#xff0c;性能就越难提上来。</p> \n<p>其实&#xff0c;让 JOIN 跑得快的关键是要对 JOIN 分类&#xff0c;分类之后&#xff0c;就能利用各种类型 JOIN 的特征来做性能优化了。</p> \n<h2><a id=\"JOIN__4\"></a>JOIN 分类</h2> \n<p>有 SQL 开发经验的同学都知道&#xff0c;绝大多数 JOIN 都是等值 JOIN&#xff0c;也就是关联条件为等式的 JOIN。非等值 JOIN 要少见得多&#xff0c;而且多数情况也可以转换成等值 JOIN 来处理&#xff0c;所以我们可以只讨论等值 JOIN。</p> \n<p>等值 JOIN 主要又可以分为两大类&#xff1a;外键关联和主键关联。</p> \n<p>外键关联是指用一个表的非主键字段&#xff0c;去关联另一个表的主键&#xff0c;前者称为事实表&#xff0c;后者为维表。比如下图中&#xff0c;订单表是事实表&#xff0c;客户表、产品表、雇员表是维表。</p> \n<p><img src=\"https://img-blog.csdnimg.cn/img_convert/fa8ebdb38b943abfd89673431fe71b77.png\" alt=\"imagepng\" /></p> \n<p>外键表是多对一关系&#xff0c;而且是不对称的&#xff0c;事实表和维表的位置不能互换。需要说明的是&#xff0c;这里说的主键是指逻辑上的主键&#xff0c;也就是在表中取值唯一、可以用于唯一确定某条记录的字段&#xff08;或字段组&#xff09;&#xff0c;不一定在数据库表上建立过主键。</p> \n<p>主键关联是指用一个表的主键关联另一个表的主键或部分主键。比如下图中客户和 VIP 客户、订单表和订单明细表的关联。</p> \n<p><img src=\"https://img-blog.csdnimg.cn/img_convert/b8292713bbe3f6312f796c0612094b12.png\" alt=\"imagepng\" /></p> \n<p>客户和 VIP 客户按照主键关联&#xff0c;这两个表互为同维表。订单则是用主键去关联明细的部分主键&#xff0c;我们称订单表是主表&#xff0c;明细表是子表。</p> \n<p>同维表是一对一关系。且同维表之间是对称的&#xff0c;两个表的地位相同。主子表则是一对多关系&#xff0c;而且是不对称的&#xff0c;有明确的方向。</p> \n<p>仔细观察会发现&#xff0c;这两类 JOIN 都<strong>涉及到主键</strong>了。而不涉及主键的 JOIN 会导致多对多关系&#xff0c;大多数情况都没有业务意义。换句话说&#xff0c;上述这两大类 JOIN 涵盖了几乎全部有业务意义的 JOIN。如果我们能利用 JOIN 总会涉及主键这个特征做性能优化&#xff0c;能解决掉这两大类 JOIN&#xff0c;其实也就意味着解决了大部分 JOIN 性能问题。</p> \n<p>但是&#xff0c;SQL 对 JOIN 的定义并不涉及主键&#xff0c;只是两个表做笛卡尔积后再按某种条件过滤。这个定义很简单也很宽泛&#xff0c;几乎可以描述一切。但是&#xff0c;如果严格按这个定义去实现 JOIN&#xff0c;也就没办法在性能优化时利用主键的特征了。</p> \n<p>SPL 改变了 JOIN 的定义&#xff0c;专门针对这两大类 JOIN 分别处理&#xff0c;利用了主键的特征减少运算量&#xff0c;从而实现性能优化的目标。</p> \n<p>下面我们来看看 SPL 具体是怎么做的。</p> \n<h2><a id=\"_32\"></a>外键关联</h2> \n<p>如果事实表和维表都不太大&#xff0c;可以全部装入内存&#xff0c;SPL 提供了<strong>外键地址化</strong>方法&#xff1a;先把事实表中的外键字段值转换为对应维表记录的地址&#xff0c;之后引用维表字段时&#xff0c;就可以用地址直接取出了。</p> \n<p>以前面的订单表、雇员表为例&#xff0c;假定这两个表已经被读入内存。外键地址化的工作机制是这样的&#xff1a;对于订单表某记录 r 的 eid 字段&#xff0c;到雇员表中找到这个 eid 字段值对应的记录&#xff0c;得到其内存地址 a&#xff0c;再将 r 的 eid 字段值替换成 a。对订单表的所有记录都做好这样的转换&#xff0c;就完成了外键地址化。这时候&#xff0c;订单表记录 r 要引用雇员表字段时&#xff0c;直接用 eid 字段存储的地址 a 取出雇员表记录和字段就可以了&#xff0c;相当于常数时间内就能取得雇员表的字段&#xff0c;不需要再到雇员表做查找。</p> \n<p>可以在系统启动时把事实表和维表读入内存&#xff0c;并一次性做好外键地址化&#xff0c;即<strong>预关联</strong>。这样&#xff0c;在后续关联计算时就能直接用事实表外键字段中的地址去取维表记录&#xff0c;完成高性能的 JOIN 计算。</p> \n<p>外键地址化和预关联的详细原理请参考&#xff1a;<a href=\"http://c.raqsoft.com.cn/article/1616970721547\">【性能优化】6.1 [外键关联] 外键地址化</a></p> \n<p>SQL 通常使用 HASH 算法来做内存连接&#xff0c;需要计算 HASH 值和比对&#xff0c;性能会比直接用地址读取差很多。</p> \n<p>SPL 之所以能实现外键地址化&#xff0c;是利用了维表的关联字段是主键这一特征。上面例子中&#xff0c;关联字段 eid 是雇员表的主键&#xff0c;具有唯一性。订单表中的每个 eid 只会唯一对应一条雇员记录&#xff0c;所以才能把每个 eid 转换成它唯一对应的那条雇员记录的地址。</p> \n<p>而 SQL 对 JOIN 的定义中没有主键的约定&#xff0c;就不能认定与事实表中外键关联的维表记录有唯一性&#xff0c;有可能发生与多条记录关联的情况。对于订单表的记录来讲&#xff0c;eid 值没有办法唯一对应一条雇员记录&#xff0c;就无法做到外键地址化了。而且 SQL 也没有记录地址这种数据类型&#xff0c;结果会导致每次关联时还是要计算 HASH 值并比对。</p> \n<p>只是两个表 JOIN 时&#xff0c;外键地址化和 HASH 关联的差别还不是非常明显。这是因为 JOIN 并不是最终目的&#xff0c;JOIN 之后还会有其它很多运算&#xff0c;JOIN 本身运算消耗时间的占比相对不大。但事实表常常会有多个维表&#xff0c;甚至维表还会有很多层。比如订单关联产品&#xff0c;产品关联供应商&#xff0c;供应商关联城市&#xff0c;城市关联国家等等。在关联表很多时&#xff0c;外键地址化的性能优势会更明显。</p> \n<p>下面的测试&#xff0c;在关联表个数不同的情况下对比 SPL 与 Oracle 的性能差异&#xff0c;可以看出在表很多时&#xff0c;外键地址化的优势相当明显&#xff1a;</p> \n<p><img src=\"https://img-blog.csdnimg.cn/img_convert/5f6f81736e2ab4f2e2a121ebde687b58.png\" alt=\"imagepng\" /></p> \n<p>测试的详细情况请参考&#xff1a;<a href=\"http://c.raqsoft.com.cn/article/1574142747764\">性能优化技巧&#xff1a;预关联</a>。</p> \n<p>对于只有维表能装入内存&#xff0c;而事实表很大需要外存的情况&#xff0c;SPL 提供了<strong>外键序号化</strong>方法&#xff1a;预先将事实表中的外键字段值转换为维表对应记录的序号。关联计算时&#xff0c;分批读入新事实表记录&#xff0c;再用序号取出对应维表记录。</p> \n<p>以上述订单表、产品表为例&#xff0c;假定产品表已经装入内存&#xff0c;订单表存储在外存中。外键序号化的过程是这样&#xff1a;先读入一批订单数据&#xff0c;设其中某记录 r 中的 pid 对应的是内存中产品表的第 i 条记录。我们要将 r 中的 pid 字段值转换为 i。对这批订单记录都完成这样的转换后&#xff0c;再做关联计算时&#xff0c;从外存中分批读入订单数据。对于其中的记录 r&#xff0c;就可以直接根据 pid 值&#xff0c;去内存中的产品表里用位置取出相应的记录&#xff0c;也避免了查找动作。</p> \n<p>外键序号化原理更详细的介绍参考&#xff1a;<a href=\"http://c.raqsoft.com.cn/article/1617144101332\">【性能优化】6.3 [外键关联] 外键序号化</a>。</p> \n<p>数据库通常会把小表读入内存&#xff0c;再分批读入大表数据&#xff0c;用哈希算法做内存连接&#xff0c;需要计算哈希值和比对。而 SPL 使用序号定位是直接读取&#xff0c;不需要进行任何比对&#xff0c;性能优势比较明显。虽然预先把事实表的外键字段转换成序号需要一定成本&#xff0c;但这个预计算只需要做一次&#xff0c;而且可以在多次外键关联中得到复用。</p> \n<p>SPL 外键序号化同样利用了维表关联字段是主键的特征。如前所述&#xff0c;SQL 对 JOIN 的定义没有主键的约定&#xff0c;无法利用这一特征做到外键序号化。另外&#xff0c;SQL 使用无序集合的概念&#xff0c;即使我们事先把外键序号化了&#xff0c;数据库也无法利用这个特点&#xff0c;不能在无序集合上使用序号快速定位的机制&#xff0c;最快也就是用索引查找。而且&#xff0c;数据库并不知道外键被序号化了&#xff0c;仍然会去计算 HASH 值和比对。</p> \n<p>下面这个测试&#xff0c;在不同并行数情况下&#xff0c;对比 SPL 和 Oracle 完成大事实表、小维表关联计算的速度&#xff0c;SPL 跑的比 Oracle 快 3 到 8 倍。测试结果见下图&#xff1a;</p> \n<p><img src=\"https://img-blog.csdnimg.cn/img_convert/aa5de226ca6c7377aa4e219b7b062d28.png\" alt=\"imagepng\" /></p> \n<p>这个测试更详细的信息请参考&#xff1a;<a href=\"http://c.raqsoft.com.cn/article/1575263621672\">性能优化技巧&#xff1a;外键序号化</a>。</p> \n<p>如果维表很大也需要外存&#xff0c;而事实表较小能装入内存&#xff0c;SPL 则提供了<strong>大维表查找</strong>机制。如果维表和事实表都很大&#xff0c;SPL 则使用<strong>单边分堆算法</strong>。对于维表过滤后再关联的情况&#xff0c;SPL 提供了<strong>索引复用</strong>方法及<strong>对位序列</strong>等方法。</p> \n<p>数据量大到需要分布式计算时&#xff0c;如果维表较小&#xff0c;SPL 采用<strong>复写维表</strong>机制&#xff0c;将维表在集群节点上复制多份&#xff1b;如果维表很大&#xff0c;则采用<strong>集群维表</strong>方法以保证随机访问。这两种方法都可以有效的避免 Shuffle 动作。相比而言&#xff0c;SQL 体系下不能区分出维表&#xff0c;HASH 拆分方法要将两个表都做 Shuffle 动作&#xff0c;网络传输量要大得多。</p> \n<h2><a id=\"_76\"></a>主键关联</h2> \n<p>主键关联涉及的表一般都比较大&#xff0c;需要存储在外存中。SPL 为此提供了<strong>有序归并</strong>方法&#xff1a;预先将外存表按照主键有序存储&#xff0c;关联时顺序取出数据做归并计算。</p> \n<p>以客户和 VIP 客户两个表做内连接为例&#xff0c;假设已经预先将两个表按照主键 cid 有序存储在外存中。关联时&#xff0c;从两个表的游标中读取记录&#xff0c;逐条比较 cid 值。如果 cid 相等&#xff0c;则将两表的记录合并成结果游标的一条记录返回。如果不相等&#xff0c;则 cid 小的那个游标再读取记录&#xff0c;继续判断。重复这些动作直到任何一个表的数据被取完&#xff0c;返回的游标就是 JOIN 的结果。</p> \n<p>对于两个大表关联&#xff0c;数据库通常使用哈希分堆算法&#xff0c;复杂度是乘法级的。而有序归并算法复杂度是加法级&#xff0c;性能会好很多。而且&#xff0c;数据库做大数据的外存运算时&#xff0c;哈希分堆会产生缓存文件的读写动作。有序归并算法则只需要对两个表依次遍历&#xff0c;不必借助外存缓存&#xff0c;可以大幅降低 IO 量&#xff0c;有巨大的性能优势。</p> \n<p>预先按照主键排序的成本虽高&#xff0c;但是一次性做好即可&#xff0c;以后就总能使用归并算法实现 JOIN&#xff0c;性能可以提高很多。同时&#xff0c;SPL 也提供了在有追加数据时仍然保持数据整体有序的方案。</p> \n<p>这类 JOIN 的特征在于关联字段是主键或部分主键&#xff0c;有序归并算法正是根据这个特征来设计的。因为不管是同维表还是主子表&#xff0c;关联字段都不会是主键之外的其他字段&#xff0c;所以我们将关联表按照主键有序这一种方式排序存储就可以了&#xff0c;不会出现冗余。而外键关联就不具备这个特征&#xff0c;不能使用有序归并。具体来说&#xff0c;是因为事实表的关联字段不是主键&#xff0c;会存在多个要参与关联的外键字段&#xff0c;我们不可能让同一个事实表同时按多个字段都有序。</p> \n<p>SQL 对 JOIN 的定义不区分 JOIN 类型&#xff0c;不假定某些 JOIN 总是针对主键的&#xff0c;就没办法从算法层面上利用主键关联的特征。而且&#xff0c;前面说过 SQL 基于无序集合概念&#xff0c;数据库不会刻意保证数据的物理有序性&#xff0c;很难实施有序归并算法。</p> \n<p>有序归并算法的优势还在于易于分段并行。以订单和订单明细按 oid 关联为例&#xff0c;假如将两表都按照记录数大致平均分为 4 段&#xff0c;订单第 2 段的 oid 有可能会出现在明细第 3 段&#xff0c;类似的错位会导致错误的计算结果。SPL 再次利用主键 oid 的有序性&#xff0c;提供同步分段机制&#xff0c;解决了这个问题&#xff1a;先将有序的订单表分为 4 段&#xff0c;再找到每一段起止记录的 oid 值形成 4 个区间&#xff0c;将明细表也分成同步的 4 段。这样&#xff0c;在并行计算时两表对应分段就不会出现错位了。由于明细表也对 oid 有序&#xff0c;可以迅速地按照起止 oid 定位&#xff0c;不会降低有序归并的性能。</p> \n<p>有序归并和同步分段并行的原理&#xff0c;详见&#xff1a;<a href=\"http://c.raqsoft.com.cn/article/1647665012651\">SPL 有序归并关联</a>。</p> \n<p>传统的 HASH 分堆技术实现并行就比较困难了&#xff0c;多线程做 HASH 分堆时需要同时向某个分堆写出数据&#xff0c;造成共享资源冲突&#xff1b;而下一步实现某组分堆关联时又会消费大量内存&#xff0c;无法实施较大的并行数量。</p> \n<p>实际测试证明&#xff0c;在相同情况下&#xff0c;我们对两个大表做主键关联测试&#xff08;详情参见<a href=\"http://c.raqsoft.com.cn/article/1577153335610\">性能优化技巧&#xff1a;有序归并</a>&#xff09;&#xff0c;结果是 SPL 比 Oracle 快了近 3 倍&#xff1a;</p> \n<p><img src=\"https://img-blog.csdnimg.cn/img_convert/61856f54b7e801c4a87edef74d69d284.png\" alt=\"imagepng\" /></p> \n<p>除了有序归并&#xff0c;SPL 还提供了很多高性能算法&#xff0c;全面提高主键关联 JOIN 的计算速度。包括&#xff1a;<strong>附表</strong>机制&#xff0c;可以将多表一体化存储&#xff0c;减少存储数据量的同时&#xff0c;还相当于预先完成了关联&#xff0c;不需要再比对了&#xff1b;<strong>关联定位</strong>算法&#xff0c;实现先过滤再关联&#xff0c;可以避免全表遍历&#xff0c;获得更好的性能等等。</p> \n<p>当数据量继续增加&#xff0c;需要多台服务器集群时&#xff0c;SPL 提供<strong>复组表</strong>机制&#xff0c;将需要关联的大表按照主键分布到集群节点上。相同主键的数据在同一节点&#xff0c;避免分机之间的数据传输&#xff0c;也不会出现 Shuffle 动作。</p> \n<h2><a id=\"_104\"></a>回顾与总结</h2> \n<p>回顾上面两大类、各场景 JOIN&#xff0c;采用 SPL 分情况提供的高性能算法&#xff0c;可以利用不同类型 JOIN 的特征提速&#xff0c;让 JOIN 跑得更快。SQL 对上述这么多种 JOIN 场景笼统的处理&#xff0c;就没办法针对不同 JOIN 的特征来实施这些高性能算法。比如&#xff1a;事实表和维表都装入内存时&#xff0c;SQL 只能按照键值计算 HASH 和比对&#xff0c;无法利用地址直接对应&#xff1b;SQL 数据表无序&#xff0c;在大表按照主键关联时无法做到有序归并&#xff0c;只能使用 HASH 分堆&#xff0c;有可能会出现多次缓存的现象&#xff0c;性能有一定的不可控性。</p> \n<p>并行计算方面&#xff0c;SQL 单表计算时还容易做到分段并行&#xff0c;多表关联运算时一般就只能事先做好固定分段&#xff0c;很难做到同步动态分段&#xff0c;这就难以根据机器的负载临时决定并行数量。</p> \n<p>对于集群运算也是这样&#xff0c;SQL 在理论上不区分维表和事实表&#xff0c;要实现大表 JOIN 就会不可避免地产生占用大量网络资源的 HASH Shuffle 动作&#xff0c;在集群节点数太多时&#xff0c;网络传输造成的延迟会超过节点多带来的好处。</p> \n<p>SPL 设计并应用了新的运算和存储模型&#xff0c;可以在原理和实现上解决 SQL 的这些问题。对于 JOIN 的不同分类和场景&#xff0c;程序员有针对性的采取上述高性能算法&#xff0c;就能获得更快的计算速度&#xff0c;让 JOIN 跑得更快。</p> \n<h2><a id=\"SPL_114\"></a>SPL资料</h2> \n<ul><li><a href=\"http://www.scudata.com.cn\">SPL官网</a></li><li><a href=\"http://c.raqsoft.com.cn/article/1595816810031\">SPL下载</a></li><li><a href=\"https://github.com/SPLWare/esProc\">SPL源代码</a></li></ul> \n<p><img src=\"https://img-blog.csdnimg.cn/img_convert/ca43f80421b4c1323caed3e741a0fd68.png\" alt=\"SPL交流群\" /></p> \n<p>欢迎对SPL有兴趣的加小助手&#xff08;VX号&#xff1a;SPL-helper&#xff09;&#xff0c;进SPL技术交流群</p>\n                </div>\n                <link href=\"https://csdnimg.cn/release/blogv2/dist/mdeditor/css/editerView/markdown_views-3fd7f7a902.css\" rel=\"stylesheet\">\n                <link href=\"https://csdnimg.cn/release/blogv2/dist/mdeditor/css/style-49037e4d27.css\" rel=\"stylesheet\">\n        </div>\n        <div id=\"treeSkill\"></div>\n<div id=\"marketingBox\" class=\"marketing-box\">\n  <div class=\"marketing-content\">\n    <a class=\"marketing-content-card\" href=\"https://mp.csdn.net/activity/newclock?utm_campaign=marketingcard&utm_source=weixin_45629285&utm_content=124670118\" target=\"_blank\" data-report-click=\'{\"spm\":\"1001.2101.3001.7906\"}\' data-report-view=\'{\"spm\":\"1001.2101.3001.7906\"}\'>\n      <div class=\"marketing-content-card-l\">\n        <img src=\"https://img-blog.csdnimg.cn/fce44ffe4f1f493b84f6e057060c9c93.png\" alt=\"\">\n      </div>\n      <div class=\"marketing-content-card-r\">\n        <div class=\"marketing-content-card-rt\">\n          <span class=\"text\">创作打卡挑战赛</span>\n          <img src=\"https://csdnimg.cn/release/blogv2/dist/components/img/iconArrowLeftWhite.png\" alt=\"\">\n        </div>\n        <div class=\"marketing-content-card-rb\">赢取流量/现金/CSDN周边激励大奖</div>\n      </div>\n    </a>\n  </div>\n</div>\n    </article>','2018-09-24 17:25:24',128,'ysNWsnHoG8p2EGzEXKvaCj'),('igiyooy8r5ytgNdEikudSE','如何查看、设置mysql的事务隔离级别',' <article class=\"baidu_pl\">\n        <div id=\"article_content\" class=\"article_content clearfix\">\n        <link rel=\"stylesheet\" href=\"https://csdnimg.cn/release/blogv2/dist/mdeditor/css/editerView/ck_htmledit_views-163de54645.css\">\n                <div id=\"content_views\" class=\"htmledit_views\">\n                    <p>我们知道mysql数据库的事务满足ACID的特性&#xff0c;其中I为隔离性&#xff0c;而隔离性又有四种隔离级别&#xff1a;</p> \n<pre><code class=\"language-sql\">Read Uncommitted&#xff08;读取未提交内容&#xff09;\nRead Committed&#xff08;读取提交内容&#xff09;\nRepeatable Read&#xff08;可重读&#xff09;\nSerializable&#xff08;可串行化&#xff09;</code></pre> \n<p>如何查看mysql数据库版本&#xff1a;</p> \n<pre><code class=\"language-sql\">select version();</code></pre> \n<p>如何查看mysql中的事务隔离级别&#xff1a;</p> \n<pre><code class=\"language-sql\">查看系统隔离级别&#xff1a;select &#64;&#64;global.tx_isolation;\n查看会话隔离级别(5.0以上版本)&#xff1a;select &#64;&#64;tx_isolation;\n查看会话隔离级别(8.0以上版本)&#xff1a;select &#64;&#64;transaction_isolation;\n</code></pre> \n<p>如何修改mysql中的事务隔离级别&#xff1a;</p> \n<pre><code class=\"language-sql\">set session transaction isolation level repeatable read; 设置会话隔离级别为可重复读\nset session transaction isolation level read uncommitted; 设置会话隔离级别为读未提交\nset session transaction isolation level read committed; 设置会话隔离级别为读已提交</code></pre> \n<p>如何执行一条事务语句&#xff1a;</p> \n<pre><code class=\"language-sql\">begin;\nselect * from t where 1&#61;1;\ncommit;</code></pre> \n<p><a href=\"https://blog.csdn.net/weisong530624687/article/details/90075063\" title=\"真正理解Mysql的四种隔离级别_每天进步一点点-CSDN博客_mysql隔离级别\">真正理解Mysql的四种隔离级别_每天进步一点点-CSDN博客_mysql隔离级别</a></p>\n                </div>\n        </div>\n        <div id=\"treeSkill\"></div>\n<div id=\"marketingBox\" class=\"marketing-box\">\n  <div class=\"marketing-content\">\n    <a class=\"marketing-content-card\" href=\"https://mp.csdn.net/activity/newclock?utm_campaign=marketingcard&utm_source=mameng1988&utm_content=120842987\" target=\"_blank\" data-report-click=\'{\"spm\":\"1001.2101.3001.7906\"}\' data-report-view=\'{\"spm\":\"1001.2101.3001.7906\"}\'>\n      <div class=\"marketing-content-card-l\">\n        <img src=\"https://img-blog.csdnimg.cn/fce44ffe4f1f493b84f6e057060c9c93.png\" alt=\"\">\n      </div>\n      <div class=\"marketing-content-card-r\">\n        <div class=\"marketing-content-card-rt\">\n          <span class=\"text\">创作打卡挑战赛</span>\n          <img src=\"https://csdnimg.cn/release/blogv2/dist/components/img/iconArrowLeftWhite.png\" alt=\"\">\n        </div>\n        <div class=\"marketing-content-card-rb\">赢取流量/现金/CSDN周边激励大奖</div>\n      </div>\n    </a>\n  </div>\n</div>\n    </article>','2018-09-11 13:32:34',50,'ysNWsnHoG8p2EGzEXKvaCj'),('Jq9Evr3WeCLASx3kQoFhYJ','HIVE的三种建表方式','<article class=\"baidu_pl\">\n        <div id=\"article_content\" class=\"article_content clearfix\">\n        <link rel=\"stylesheet\" href=\"https://csdnimg.cn/release/blogv2/dist/mdeditor/css/editerView/ck_htmledit_views-163de54645.css\">\n                <div id=\"content_views\" class=\"markdown_views prism-atom-one-dark\">\n                    <svg xmlns=\"http://www.w3.org/2000/svg\" style=\"display: none;\">\n                        <path stroke-linecap=\"round\" d=\"M5,0 0,2.5 5,5z\" id=\"raphael-marker-block\" style=\"-webkit-tap-highlight-color: rgba(0, 0, 0, 0);\"></path>\n                    </svg>\n                    <p></p>\n<div class=\"toc\">\n <h3>目录</h3>\n <ul><li><ul><li><a href=\"#_3\">一、直接建表</a></li><li><a href=\"#as__45\">二、as &#xff08;直接使用查询结果插入到一张新表&#xff09;</a></li><li><a href=\"#like_60\">三、like&#xff08;复制表结构&#xff09;</a></li></ul>\n </li></ul>\n</div>\n<p></p> \n<h2><a id=\"_3\"></a>一、直接建表</h2> \n<p>中括号里面的均为可选项</p> \n<pre><code class=\"prism language-sql\"><span class=\"token keyword\">CREATE</span> <span class=\"token punctuation\">[</span>EXTERNAL<span class=\"token punctuation\">]</span> <span class=\"token keyword\">TABLE</span> <span class=\"token punctuation\">[</span><span class=\"token keyword\">IF</span> <span class=\"token operator\">NOT</span> <span class=\"token keyword\">EXISTS</span><span class=\"token punctuation\">]</span> table_name\n　　<span class=\"token punctuation\">[</span><span class=\"token punctuation\">(</span>col_name data_type <span class=\"token punctuation\">[</span><span class=\"token keyword\">COMMENT</span> col_comment<span class=\"token punctuation\">]</span><span class=\"token punctuation\">,</span> <span class=\"token punctuation\">.</span><span class=\"token punctuation\">.</span><span class=\"token punctuation\">.</span><span class=\"token punctuation\">)</span><span class=\"token punctuation\">]</span>\n　　<span class=\"token punctuation\">[</span><span class=\"token keyword\">COMMENT</span> table_comment<span class=\"token punctuation\">]</span>\n　　<span class=\"token punctuation\">[</span>PARTITIONED <span class=\"token keyword\">BY</span> <span class=\"token punctuation\">(</span>col_name data_type <span class=\"token punctuation\">[</span><span class=\"token keyword\">COMMENT</span> col_comment<span class=\"token punctuation\">]</span><span class=\"token punctuation\">,</span> <span class=\"token punctuation\">.</span><span class=\"token punctuation\">.</span><span class=\"token punctuation\">.</span><span class=\"token punctuation\">)</span><span class=\"token punctuation\">]</span>\n　　<span class=\"token punctuation\">[</span><span class=\"token keyword\">CLUSTERED</span> <span class=\"token keyword\">BY</span> <span class=\"token punctuation\">(</span>col_name<span class=\"token punctuation\">,</span> col_name<span class=\"token punctuation\">,</span> <span class=\"token punctuation\">.</span><span class=\"token punctuation\">.</span><span class=\"token punctuation\">.</span><span class=\"token punctuation\">)</span>\n　　　　<span class=\"token punctuation\">[</span>SORTED <span class=\"token keyword\">BY</span> <span class=\"token punctuation\">(</span>col_name <span class=\"token punctuation\">[</span><span class=\"token keyword\">ASC</span><span class=\"token operator\">|</span><span class=\"token keyword\">DESC</span><span class=\"token punctuation\">]</span><span class=\"token punctuation\">,</span> <span class=\"token punctuation\">.</span><span class=\"token punctuation\">.</span><span class=\"token punctuation\">.</span><span class=\"token punctuation\">)</span><span class=\"token punctuation\">]</span> <span class=\"token keyword\">INTO</span> num_buckets BUCKETS<span class=\"token punctuation\">]</span>\n　　<span class=\"token punctuation\">[</span><span class=\"token keyword\">ROW</span> FORMAT row_format<span class=\"token punctuation\">]</span>\n　　<span class=\"token punctuation\">[</span>STORED <span class=\"token keyword\">AS</span> file_format<span class=\"token punctuation\">]</span>\n　　<span class=\"token punctuation\">[</span>LOCATION hdfs_path<span class=\"token punctuation\">]</span>\n</code></pre> \n<pre><code class=\"prism language-sql\"><span class=\"token number\">1.</span><span class=\"token keyword\">CREATE</span> <span class=\"token keyword\">TABLE</span> 创建一个指定名字的表。如果相同名字的表已经存在&#xff0c;则抛出异常&#xff1b;用户可以用 <span class=\"token keyword\">IF</span> <span class=\"token operator\">NOT</span> EXIST 选项来忽略这个异常\n\n<span class=\"token number\">2.</span>EXTERNAL 关键字可以让用户创建一个外部表&#xff0c;在建表的同时指定一个指向实际数据的路径&#xff08;LOCATION&#xff09;\n\n<span class=\"token number\">3.</span><span class=\"token operator\">LIKE</span> 允许用户复制现有的表结构&#xff0c;但是不复制数据\n\n<span class=\"token number\">4.</span><span class=\"token keyword\">COMMENT</span> 可以为表与字段增加描述\n\n<span class=\"token number\">5.</span>PARTITIONED <span class=\"token keyword\">BY</span> 指定分区\n\n<span class=\"token number\">6.</span><span class=\"token keyword\">ROW</span> FORMAT\n　　DELIMITED <span class=\"token punctuation\">[</span><span class=\"token keyword\">FIELDS</span> <span class=\"token keyword\">TERMINATED</span> <span class=\"token keyword\">BY</span> <span class=\"token keyword\">char</span><span class=\"token punctuation\">]</span> <span class=\"token punctuation\">[</span>COLLECTION ITEMS <span class=\"token keyword\">TERMINATED</span> <span class=\"token keyword\">BY</span> <span class=\"token keyword\">char</span><span class=\"token punctuation\">]</span>\n　　　　MAP <span class=\"token keyword\">KEYS</span> <span class=\"token keyword\">TERMINATED</span> <span class=\"token keyword\">BY</span> <span class=\"token keyword\">char</span><span class=\"token punctuation\">]</span> <span class=\"token punctuation\">[</span><span class=\"token keyword\">LINES</span> <span class=\"token keyword\">TERMINATED</span> <span class=\"token keyword\">BY</span> <span class=\"token keyword\">char</span><span class=\"token punctuation\">]</span>\n　　　　<span class=\"token operator\">|</span> SERDE serde_name <span class=\"token punctuation\">[</span><span class=\"token keyword\">WITH</span> SERDEPROPERTIES\n　　　　<span class=\"token punctuation\">(</span>property_name<span class=\"token operator\">&#61;</span>property_value<span class=\"token punctuation\">,</span> property_name<span class=\"token operator\">&#61;</span>property_value<span class=\"token punctuation\">,</span> <span class=\"token punctuation\">.</span><span class=\"token punctuation\">.</span><span class=\"token punctuation\">.</span><span class=\"token punctuation\">)</span><span class=\"token punctuation\">]</span>\n　　用户在建表的时候可以自定义 SerDe 或者使用自带的 SerDe。如果没有指定 <span class=\"token keyword\">ROW</span> FORMAT 或者 <span class=\"token keyword\">ROW</span> FORMAT DELIMITED&#xff0c;将会使用自带的 SerDe<span class=\"token punctuation\">;</span>\n\n<span class=\"token number\">7.</span>STORED <span class=\"token keyword\">AS</span>\n　　SEQUENCEFILE <span class=\"token comment\">//序列化文件</span>\n　　<span class=\"token operator\">|</span> TEXTFILE <span class=\"token comment\">//普通的文本文件格式</span>\n　　<span class=\"token operator\">|</span> RCFILE　　<span class=\"token comment\">//行列存储相结合的文件</span>\n　　<span class=\"token operator\">|</span> INPUTFORMAT input_format_classname OUTPUTFORMAT output_format_classname <span class=\"token comment\">//自定义文件格式</span>\n　　如果文件数据是纯文本&#xff0c;可以使用 STORED <span class=\"token keyword\">AS</span> TEXTFILE。如果数据需要压缩&#xff0c;使用 STORED <span class=\"token keyword\">AS</span> SEQUENCE \n\n<span class=\"token number\">8.</span>LOCATION 指定表在HDFS的存储路径<span class=\"token punctuation\">(</span>默认地址<span class=\"token operator\">/</span><span class=\"token keyword\">user</span><span class=\"token operator\">/</span>hive<span class=\"token operator\">/</span>warehouse<span class=\"token punctuation\">)</span>\n</code></pre> \n<h2><a id=\"as__45\"></a>二、as &#xff08;直接使用查询结果插入到一张新表&#xff09;</h2> \n<pre><code class=\"prism language-sql\"><span class=\"token keyword\">as</span>将查询字段以及结果作为一张新表<span class=\"token punctuation\">;</span>\n使用<span class=\"token keyword\">as</span>创建的表&#xff0c;原表的分区&#xff0c;以及字段的约束等都会丢失&#xff08;可以通过<span class=\"token keyword\">describe</span> formatted查看&#xff09;<span class=\"token punctuation\">;</span>\n新表中会将原表的分区当做字段出现在新表中<span class=\"token punctuation\">;</span>\n</code></pre> \n<p>1.将分区表的查询结果作为一张新表&#xff1a;<br /> create table test222 as select * from student_pf where city&#61;‘nanjing’;<br /> <img src=\"https://img-blog.csdnimg.cn/89d9e7511719439e9adf9ab16ded7be9.png?x-oss-process&#61;image/watermark,type_ZHJvaWRzYW5zZmFsbGJhY2s,shadow_50,text_Q1NETiBAbG4xwrA&#61;,size_20,color_FFFFFF,t_70,g_se,x_16\" alt=\"在这里插入图片描述\" /></p> \n<p>2.as并没有把分隔符复制过来&#xff0c;只复制了查询的字段和字段对应的值&#xff1a;<br /> <img src=\"https://img-blog.csdnimg.cn/cc2bb3c5f528482fae68556a3d3203cc.png?x-oss-process&#61;image/watermark,type_ZHJvaWRzYW5zZmFsbGJhY2s,shadow_50,text_Q1NETiBAbG4xwrA&#61;,size_20,color_FFFFFF,t_70,g_se,x_16\" alt=\"在这里插入图片描述\" /><br /> <img src=\"https://img-blog.csdnimg.cn/e903ff9be1ba499295cba5aa7c39d0ec.png?x-oss-process&#61;image/watermark,type_ZHJvaWRzYW5zZmFsbGJhY2s,shadow_50,text_Q1NETiBAbG4xwrA&#61;,size_20,color_FFFFFF,t_70,g_se,x_16\" alt=\"在这里插入图片描述\" /></p> \n<h2><a id=\"like_60\"></a>三、like&#xff08;复制表结构&#xff09;</h2> \n<p>create table test333 like student_pf;<br /> <img src=\"https://img-blog.csdnimg.cn/58152792894c4d0d80733fd2186f582a.png?x-oss-process&#61;image/watermark,type_ZHJvaWRzYW5zZmFsbGJhY2s,shadow_50,text_Q1NETiBAbG4xwrA&#61;,size_20,color_FFFFFF,t_70,g_se,x_16\" alt=\"在这里插入图片描述\" /></p>\n                </div>\n                <link href=\"https://csdnimg.cn/release/blogv2/dist/mdeditor/css/editerView/markdown_views-3fd7f7a902.css\" rel=\"stylesheet\">\n                <link href=\"https://csdnimg.cn/release/blogv2/dist/mdeditor/css/style-49037e4d27.css\" rel=\"stylesheet\">\n        </div>\n        <div id=\"treeSkill\"></div>\n<div id=\"marketingBox\" class=\"marketing-box\">\n  <div class=\"marketing-content\">\n    <a class=\"marketing-content-card\" href=\"https://mp.csdn.net/activity/newclock?utm_campaign=marketingcard&utm_source=weixin_44988131&utm_content=121080733\" target=\"_blank\" data-report-click=\'{\"spm\":\"1001.2101.3001.7906\"}\' data-report-view=\'{\"spm\":\"1001.2101.3001.7906\"}\'>\n      <div class=\"marketing-content-card-l\">\n        <img src=\"https://img-blog.csdnimg.cn/fce44ffe4f1f493b84f6e057060c9c93.png\" alt=\"\">\n      </div>\n      <div class=\"marketing-content-card-r\">\n        <div class=\"marketing-content-card-rt\">\n          <span class=\"text\">创作打卡挑战赛</span>\n          <img src=\"https://csdnimg.cn/release/blogv2/dist/components/img/iconArrowLeftWhite.png\" alt=\"\">\n        </div>\n        <div class=\"marketing-content-card-rb\">赢取流量/现金/CSDN周边激励大奖</div>\n      </div>\n    </a>\n  </div>\n</div>\n    </article>','2018-09-24 17:03:03',23,'FNdFhqoMAjAnGH8sNJySXB');
/*!40000 ALTER TABLE `posts` ENABLE KEYS */;
UNLOCK TABLES;

--
-- Table structure for table `star`
--

DROP TABLE IF EXISTS `star`;
/*!40101 SET @saved_cs_client     = @@character_set_client */;
/*!50503 SET character_set_client = utf8mb4 */;
CREATE TABLE `star` (
  `id` int NOT NULL AUTO_INCREMENT,
  `post_id` varchar(150) DEFAULT NULL,
  `author_id` varchar(100) DEFAULT NULL,
  PRIMARY KEY (`id`),
  KEY `author_id` (`author_id`),
  KEY `post_id` (`post_id`),
  CONSTRAINT `star_ibfk_1` FOREIGN KEY (`author_id`) REFERENCES `front_user` (`id`),
  CONSTRAINT `star_ibfk_2` FOREIGN KEY (`post_id`) REFERENCES `posts` (`id`)
) ENGINE=InnoDB AUTO_INCREMENT=46 DEFAULT CHARSET=utf8mb3;
/*!40101 SET character_set_client = @saved_cs_client */;

--
-- Dumping data for table `star`
--

LOCK TABLES `star` WRITE;
/*!40000 ALTER TABLE `star` DISABLE KEYS */;
INSERT INTO `star` VALUES (26,'CiKycWfSSo3F79To7AcXgJ','ysNWsnHoG8p2EGzEXKvaCj'),(27,NULL,'mLVKzNwXjNUx9B2Nsthp9F'),(28,NULL,'ysNWsnHoG8p2EGzEXKvaCj'),(29,NULL,'ysNWsnHoG8p2EGzEXKvaCj'),(30,NULL,'ysNWsnHoG8p2EGzEXKvaCj'),(32,NULL,'HF2GpEcvkpTbW6qbyc9TMf'),(33,NULL,'mLVKzNwXjNUx9B2Nsthp9F'),(34,NULL,'mLVKzNwXjNUx9B2Nsthp9F'),(35,'igiyooy8r5ytgNdEikudSE','HF2GpEcvkpTbW6qbyc9TMf'),(36,NULL,'ysNWsnHoG8p2EGzEXKvaCj'),(37,'9vvMtCh3QKevqyvg5vinuY','ysNWsnHoG8p2EGzEXKvaCj'),(38,NULL,'ysNWsnHoG8p2EGzEXKvaCj'),(39,NULL,'ysNWsnHoG8p2EGzEXKvaCj'),(40,NULL,'ysNWsnHoG8p2EGzEXKvaCj'),(42,'igiyooy8r5ytgNdEikudSE','ysNWsnHoG8p2EGzEXKvaCj'),(44,NULL,'ysNWsnHoG8p2EGzEXKvaCj'),(45,'cZBezRxAkvK63aLLfcF3rn','ysNWsnHoG8p2EGzEXKvaCj');
/*!40000 ALTER TABLE `star` ENABLE KEYS */;
UNLOCK TABLES;

--
-- Table structure for table `tag`
--

DROP TABLE IF EXISTS `tag`;
/*!40101 SET @saved_cs_client     = @@character_set_client */;
/*!50503 SET character_set_client = utf8mb4 */;
CREATE TABLE `tag` (
  `id` int NOT NULL AUTO_INCREMENT,
  `tagname` varchar(150) DEFAULT NULL,
  PRIMARY KEY (`id`)
) ENGINE=InnoDB AUTO_INCREMENT=52 DEFAULT CHARSET=utf8mb3;
/*!40101 SET character_set_client = @saved_cs_client */;

--
-- Dumping data for table `tag`
--

LOCK TABLES `tag` WRITE;
/*!40000 ALTER TABLE `tag` DISABLE KEYS */;
INSERT INTO `tag` VALUES (24,'java'),(26,'html'),(27,'python'),(28,'小程序'),(29,'数据库'),(30,'mysql'),(31,'linux'),(32,'ubuntu'),(33,'vue'),(34,'android'),(35,'docker'),(36,'云原生'),(38,'node.js'),(39,'javascript'),(40,'centos'),(41,'hadoop'),(42,'hive'),(43,'GUI'),(44,'线程'),(45,'findall'),(46,'sql'),(47,'面试'),(48,'程序人生'),(49,'rocketmq'),(50,'数据仓库');
/*!40000 ALTER TABLE `tag` ENABLE KEYS */;
UNLOCK TABLES;

--
-- Table structure for table `topcomment`
--

DROP TABLE IF EXISTS `topcomment`;
/*!40101 SET @saved_cs_client     = @@character_set_client */;
/*!50503 SET character_set_client = utf8mb4 */;
CREATE TABLE `topcomment` (
  `id` int NOT NULL AUTO_INCREMENT,
  `content` text NOT NULL,
  `create_time` datetime DEFAULT NULL,
  `topic_id` varchar(150) DEFAULT NULL,
  `author_id` varchar(100) DEFAULT NULL,
  `origin_comment_id` int DEFAULT NULL,
  PRIMARY KEY (`id`),
  KEY `author_id` (`author_id`),
  KEY `origin_comment_id` (`origin_comment_id`),
  KEY `topic_id` (`topic_id`),
  CONSTRAINT `topcomment_ibfk_1` FOREIGN KEY (`author_id`) REFERENCES `front_user` (`id`),
  CONSTRAINT `topcomment_ibfk_2` FOREIGN KEY (`origin_comment_id`) REFERENCES `topcomment` (`id`),
  CONSTRAINT `topcomment_ibfk_3` FOREIGN KEY (`topic_id`) REFERENCES `topic` (`id`)
) ENGINE=InnoDB AUTO_INCREMENT=3 DEFAULT CHARSET=utf8mb3;
/*!40101 SET character_set_client = @saved_cs_client */;

--
-- Dumping data for table `topcomment`
--

LOCK TABLES `topcomment` WRITE;
/*!40000 ALTER TABLE `topcomment` DISABLE KEYS */;
INSERT INTO `topcomment` VALUES (2,'66','2022-05-15 16:51:08','gn4aPHymDtRN6h5wmKT7tZ','fphwn7akrsbyD3u5eUZA7i',NULL);
/*!40000 ALTER TABLE `topcomment` ENABLE KEYS */;
UNLOCK TABLES;

--
-- Table structure for table `topic`
--

DROP TABLE IF EXISTS `topic`;
/*!40101 SET @saved_cs_client     = @@character_set_client */;
/*!50503 SET character_set_client = utf8mb4 */;
CREATE TABLE `topic` (
  `id` varchar(150) NOT NULL,
  `title` varchar(150) NOT NULL,
  `content` text NOT NULL,
  `create_time` datetime DEFAULT NULL,
  `author_id` varchar(150) DEFAULT NULL,
  `group_id` int DEFAULT NULL,
  PRIMARY KEY (`id`),
  KEY `author_id` (`author_id`),
  KEY `group_id` (`group_id`),
  CONSTRAINT `topic_ibfk_1` FOREIGN KEY (`author_id`) REFERENCES `front_user` (`id`),
  CONSTRAINT `topic_ibfk_2` FOREIGN KEY (`group_id`) REFERENCES `group` (`id`)
) ENGINE=InnoDB DEFAULT CHARSET=utf8mb3;
/*!40101 SET character_set_client = @saved_cs_client */;

--
-- Dumping data for table `topic`
--

LOCK TABLES `topic` WRITE;
/*!40000 ALTER TABLE `topic` DISABLE KEYS */;
INSERT INTO `topic` VALUES ('gn4aPHymDtRN6h5wmKT7tZ','Python3 - Loguru 相见恨晚的输出日志工具','<div class=\"item-desc\" data-v-ddf9111e=\"\">Python 的 logging 模块提供了标准的日志接口，可以通过它存储各种格式的日志,日志记录提供了一组便利功能，用于简单的日志记录用法。loguru 是一个 Python 简易且强大的第三方日志记录库，该库旨在通过添加一系列有用的功能来解决标准记录器的注意事项，从而减少 Python 日志记录的痛苦。</div>','2022-05-12 13:54:36','ysNWsnHoG8p2EGzEXKvaCj',2),('TgkjvY48gNTQedYTBNW5mG','程序员学习网站/计算机专业/自学/速成【强力推荐】','<div class=\"item-desc\" data-v-ddf9111e=\"\">程序员学习网站1、leetcode力扣，程序员刷算法、找工作必备的网站2、牛客网刷算法、刷大厂的面试题必备的网站，资料题目全面3、书栈网十分全面的计算机书籍网站，涵盖计算机各个分支的书籍、学习资料分类详细，而且全部免费4、w3c shcool前端学习网站。知识全面、案例详细5、freecodecamp前端后端修炼网站，通过刷题完成小tips提升自己的编程水平，在实战提升自己，绝对的宝藏网站!6、菜鸟教程前后端各种语言、数据库等等知识的总结网站，简单易懂案例清晰可以使用，十分适合自学</div>','2022-05-12 13:54:36','zRBQfUrUWmfX9W5JsEs23V',3),('YduCW8X4v8M5HLthVEY3y5','Intellij IDEA 强大的搜索能力','<div class=\"item-desc\" data-v-ddf9111e=\"\">Shift+Shiftshift+shift非常强大，可搜索类、资源、配置项、方法等，还能搜索路径。但没办法搜索文件里的内容，所以要结合ctrl+h全文搜索ctrl+h有了这两板斧，打遍搜索无敌手。</div>','2022-05-12 13:54:36','ysNWsnHoG8p2EGzEXKvaCj',2);
/*!40000 ALTER TABLE `topic` ENABLE KEYS */;
UNLOCK TABLES;

--
-- Table structure for table `user_group`
--

DROP TABLE IF EXISTS `user_group`;
/*!40101 SET @saved_cs_client     = @@character_set_client */;
/*!50503 SET character_set_client = utf8mb4 */;
CREATE TABLE `user_group` (
  `user_id` varchar(100) NOT NULL,
  `group_id` int NOT NULL,
  PRIMARY KEY (`user_id`,`group_id`),
  KEY `group_id` (`group_id`),
  CONSTRAINT `user_group_ibfk_1` FOREIGN KEY (`group_id`) REFERENCES `group` (`id`),
  CONSTRAINT `user_group_ibfk_2` FOREIGN KEY (`user_id`) REFERENCES `front_user` (`id`)
) ENGINE=InnoDB DEFAULT CHARSET=utf8mb3;
/*!40101 SET character_set_client = @saved_cs_client */;

--
-- Dumping data for table `user_group`
--

LOCK TABLES `user_group` WRITE;
/*!40000 ALTER TABLE `user_group` DISABLE KEYS */;
INSERT INTO `user_group` VALUES ('FNdFhqoMAjAnGH8sNJySXB',2),('fphwn7akrsbyD3u5eUZA7i',2),('HF2GpEcvkpTbW6qbyc9TMf',2),('LNhDD3XjqoeNS9HqhSDzyQ',2),('xBzNaGs62R9RbHzPA6nZzC',2),('ysNWsnHoG8p2EGzEXKvaCj',2),('AaPykFXjjwquWaoHtVDumS',3),('HF2GpEcvkpTbW6qbyc9TMf',3),('kY2ZPxXTwkqLU5muCPcgA5',3),('LNhDD3XjqoeNS9HqhSDzyQ',3),('PtwqBv4uHUYnDMqkA2NFkX',3),('VSwcS6gb7h3qQbkWTcYyWL',3),('xBzNaGs62R9RbHzPA6nZzC',3),('ysNWsnHoG8p2EGzEXKvaCj',3),('zRBQfUrUWmfX9W5JsEs23V',3),('ysNWsnHoG8p2EGzEXKvaCj',5),('FNdFhqoMAjAnGH8sNJySXB',6),('ysNWsnHoG8p2EGzEXKvaCj',6);
/*!40000 ALTER TABLE `user_group` ENABLE KEYS */;
UNLOCK TABLES;
/*!40103 SET TIME_ZONE=@OLD_TIME_ZONE */;

/*!40101 SET SQL_MODE=@OLD_SQL_MODE */;
/*!40014 SET FOREIGN_KEY_CHECKS=@OLD_FOREIGN_KEY_CHECKS */;
/*!40014 SET UNIQUE_CHECKS=@OLD_UNIQUE_CHECKS */;
/*!40101 SET CHARACTER_SET_CLIENT=@OLD_CHARACTER_SET_CLIENT */;
/*!40101 SET CHARACTER_SET_RESULTS=@OLD_CHARACTER_SET_RESULTS */;
/*!40101 SET COLLATION_CONNECTION=@OLD_COLLATION_CONNECTION */;
/*!40111 SET SQL_NOTES=@OLD_SQL_NOTES */;

-- Dump completed on 2022-05-17 15:00:15
