{
  "id": "3388591",
  "name": "layui-extend-flask",
  "font_family": "iconfont",
  "css_prefix_text": "layui-extend-",
  "description": "",
  "glyphs": [
    {
      "icon_id": "1010114",
      "name": "社区",
      "font_class": "shequ",
      "unicode": "e61b",
      "unicode_decimal": 58907
    },
    {
      "icon_id": "4292658",
      "name": "学习",
      "font_class": "xuexi",
      "unicode": "e764",
      "unicode_decimal": 59236
    },
    {
      "icon_id": "1302",
      "name": "加",
      "font_class": "jia",
      "unicode": "e600",
      "unicode_decimal": 58880
    },
    {
      "icon_id": "1901657",
      "name": "收藏",
      "font_class": "shoucang",
      "unicode": "e601",
      "unicode_decimal": 58881
    },
    {
      "icon_id": "1901668",
      "name": "点赞",
      "font_class": "dianzan2",
      "unicode": "e602",
      "unicode_decimal": 58882
    },
    {
      "icon_id": "1901669",
      "name": "查看",
      "font_class": "chakan",
      "unicode": "e606",
      "unicode_decimal": 58886
    },
    {
      "icon_id": "2380626",
      "name": "返回",
      "font_class": "fanhui",
      "unicode": "e609",
      "unicode_decimal": 58889
    },
    {
      "icon_id": "2380651",
      "name": "热门",
      "font_class": "remen",
      "unicode": "e614",
      "unicode_decimal": 58900
    },
    {
      "icon_id": "7956834",
      "name": "加_色块",
      "font_class": "jia_sekuai",
      "unicode": "ed21",
      "unicode_decimal": 60705
    },
    {
      "icon_id": "145449",
      "name": "对话信息",
      "font_class": "duihuaxinxi",
      "unicode": "e639",
      "unicode_decimal": 58937
    },
    {
      "icon_id": "577384",
      "name": "信息",
      "font_class": "xinxi",
      "unicode": "e763",
      "unicode_decimal": 59235
    },
    {
      "icon_id": "673801",
      "name": "提醒",
      "font_class": "tixing",
      "unicode": "e6cc",
      "unicode_decimal": 59084
    },
    {
      "icon_id": "1125557",
      "name": "发现",
      "font_class": "faxian",
      "unicode": "e608",
      "unicode_decimal": 58888
    },
    {
      "icon_id": "1221256",
      "name": "群组",
      "font_class": "qunzu",
      "unicode": "e60d",
      "unicode_decimal": 58893
    },
    {
      "icon_id": "1270589",
      "name": "主题",
      "font_class": "zhuti",
      "unicode": "e63f",
      "unicode_decimal": 58943
    },
    {
      "icon_id": "1695422",
      "name": "信息",
      "font_class": "xinxi1",
      "unicode": "e60b",
      "unicode_decimal": 58891
    },
    {
      "icon_id": "2076426",
      "name": "搜索小",
      "font_class": "sousuoxiao",
      "unicode": "e8d6",
      "unicode_decimal": 59606
    },
    {
      "icon_id": "2675011",
      "name": "消息",
      "font_class": "xiaoxi",
      "unicode": "e62f",
      "unicode_decimal": 58927
    },
    {
      "icon_id": "5387553",
      "name": "搜索",
      "font_class": "sousuo",
      "unicode": "eafe",
      "unicode_decimal": 60158
    },
    {
      "icon_id": "6335479",
      "name": "提醒",
      "font_class": "tixing1",
      "unicode": "e66f",
      "unicode_decimal": 58991
    },
    {
      "icon_id": "6423738",
      "name": "相册",
      "font_class": "xiangce",
      "unicode": "e6ab",
      "unicode_decimal": 59051
    },
    {
      "icon_id": "6544523",
      "name": "提醒",
      "font_class": "tixing2",
      "unicode": "e701",
      "unicode_decimal": 59137
    },
    {
      "icon_id": "6762247",
      "name": "发现",
      "font_class": "faxian1",
      "unicode": "e6b8",
      "unicode_decimal": 59064
    },
    {
      "icon_id": "6850519",
      "name": "群组",
      "font_class": "qunzu1",
      "unicode": "e613",
      "unicode_decimal": 58899
    },
    {
      "icon_id": "7587759",
      "name": "信息",
      "font_class": "xinxi3",
      "unicode": "e60e",
      "unicode_decimal": 58894
    },
    {
      "icon_id": "8604910",
      "name": "主题集合",
      "font_class": "zhutijihe",
      "unicode": "e615",
      "unicode_decimal": 58901
    },
    {
      "icon_id": "8939940",
      "name": "发现",
      "font_class": "faxian2",
      "unicode": "e604",
      "unicode_decimal": 58884
    },
    {
      "icon_id": "12268051",
      "name": "分组",
      "font_class": "fenzu",
      "unicode": "e603",
      "unicode_decimal": 58883
    },
    {
      "icon_id": "12316927",
      "name": "相册",
      "font_class": "xiangce1",
      "unicode": "e607",
      "unicode_decimal": 58887
    },
    {
      "icon_id": "13584355",
      "name": "小组管理",
      "font_class": "xiaozuguanli",
      "unicode": "e6e2",
      "unicode_decimal": 59106
    },
    {
      "icon_id": "14183069",
      "name": "43_主题",
      "font_class": "43_zhuti",
      "unicode": "e679",
      "unicode_decimal": 59001
    },
    {
      "icon_id": "18830506",
      "name": "相册",
      "font_class": "xiangce2",
      "unicode": "e67f",
      "unicode_decimal": 59007
    },
    {
      "icon_id": "23659159",
      "name": "企业相册",
      "font_class": "qiyexiangce",
      "unicode": "f8f3",
      "unicode_decimal": 63731
    },
    {
      "icon_id": "24516429",
      "name": "相册",
      "font_class": "xiangce3",
      "unicode": "e629",
      "unicode_decimal": 58921
    },
    {
      "icon_id": "3715730",
      "name": "邮件",
      "font_class": "youjian",
      "unicode": "e60c",
      "unicode_decimal": 58892
    },
    {
      "icon_id": "3718753",
      "name": "邮件",
      "font_class": "youjian1",
      "unicode": "e60a",
      "unicode_decimal": 58890
    },
    {
      "icon_id": "4067664",
      "name": "编辑",
      "font_class": "bianji1",
      "unicode": "e62b",
      "unicode_decimal": 58923
    },
    {
      "icon_id": "6335466",
      "name": "邮件",
      "font_class": "youjian2",
      "unicode": "e66b",
      "unicode_decimal": 58987
    },
    {
      "icon_id": "6338130",
      "name": "编辑",
      "font_class": "bianji2",
      "unicode": "e634",
      "unicode_decimal": 58932
    },
    {
      "icon_id": "6544494",
      "name": "编辑",
      "font_class": "bianji3",
      "unicode": "e6f9",
      "unicode_decimal": 59129
    },
    {
      "icon_id": "7515699",
      "name": "编辑",
      "font_class": "bianji4",
      "unicode": "e605",
      "unicode_decimal": 58885
    },
    {
      "icon_id": "17541054",
      "name": "点赞",
      "font_class": "dianzan1",
      "unicode": "ede7",
      "unicode_decimal": 60903
    },
    {
      "icon_id": "26237608",
      "name": "邮件、查看邮件、发送邮件、收邮件-08",
      "font_class": "a-youjianchakanyoujianfasongyoujianshouyoujian-08",
      "unicode": "e918",
      "unicode_decimal": 59672
    },
    {
      "icon_id": "27402543",
      "name": "点赞-选中",
      "font_class": "dianzan-xuanzhong",
      "unicode": "ee40",
      "unicode_decimal": 60992
    },
    {
      "icon_id": "29404664",
      "name": "粉色甜甜圈",
      "font_class": "fensetiantianquan",
      "unicode": "e6d9",
      "unicode_decimal": 59097
    },
    {
      "icon_id": "29404665",
      "name": "杰姆甜甜圈",
      "font_class": "jiemutiantianquan",
      "unicode": "e6da",
      "unicode_decimal": 59098
    },
    {
      "icon_id": "29404666",
      "name": "草莓甜甜圈",
      "font_class": "caomeitiantianquan",
      "unicode": "e6db",
      "unicode_decimal": 59099
    },
    {
      "icon_id": "29404667",
      "name": "巧克力甜甜圈",
      "font_class": "qiaokelitiantianquan",
      "unicode": "e6dc",
      "unicode_decimal": 59100
    },
    {
      "icon_id": "29404668",
      "name": "榴莲甜甜圈",
      "font_class": "liuliantiantianquan",
      "unicode": "e6dd",
      "unicode_decimal": 59101
    },
    {
      "icon_id": "29404669",
      "name": "瓜仁甜甜圈",
      "font_class": "guarentiantianquan",
      "unicode": "e6de",
      "unicode_decimal": 59102
    },
    {
      "icon_id": "29404670",
      "name": "黄桃甜甜圈",
      "font_class": "huangtaotiantianquan",
      "unicode": "e6df",
      "unicode_decimal": 59103
    },
    {
      "icon_id": "29404671",
      "name": "碎片甜甜圈",
      "font_class": "suipiantiantianquan",
      "unicode": "e6e0",
      "unicode_decimal": 59104
    },
    {
      "icon_id": "29404672",
      "name": "巧克力豆甜甜圈",
      "font_class": "qiaokelidoutiantianquan",
      "unicode": "e6e1",
      "unicode_decimal": 59105
    }
  ]
}
